YEAR,COUNTY_DISTRICT_CODE,GRADUATES_PREVIOUS_YEAR,GRADUATE_FOLLOWUP_COLLEGE,GRADUATE_FOLLOWUP_COLLEGE_PCT,GRADUATE_FOLLOWUP_4YR,GRADUATE_FOLLOWUP_4YR_PCT,GRADUATE_FOLLOWUP_2YR,GRADUATE_FOLLOWUP_2YR_PCT,GRADUATE_FOLLOWUP_EMPLOYED,GRADUATE_FOLLOWUP_EMPLOYED_PCT,GRADUATE_FOLLOWUP_MILITARY,GRADUATE_FOLLOWUP_MILITARY_PCT,GRADUATE_FOLLOWUP_NON_COLLEGE,GRADUATE_FOLLOWUP_NON_COLLEGE_PCT,GRADUATE_FOLLOWUP_OTHER,GRADUATE_FOLLOWUP_OTHER_PCT,GRADUATE_FOLLOWUP_UNKNOWN,GRADUATE_FOLLOWUP_UNKNOWN_PCT
1991,96088,1221,959,78.5,669,54.8,290,23.8,72,5.9,83,6.8,80,6.6,32,2.6,0,0
1991,96089,735,399,54.3,301,41,98,13.3,255,34.7,55,7.5,56,7.6,45,6.1,0,0
1991,96090,426,318,74.6,228,53.5,90,21.1,47,11,5,1.2,13,3.1,0,0,0,0
1991,96091,824,616,74.8,427,51.8,189,22.9,47,5.7,19,2.3,15,1.8,8,1,0,0
1991,96092,342,260,76,219,64,41,12,50,14.6,9,2.6,0,0,20,5.8,0,0
1991,96093,426,350,82.2,235,55.2,115,27,21,4.9,17,4,13,3.1,18,4.2,0,0
1991,96094,685,515,75.2,319,46.6,196,28.6,115,16.8,24,3.5,22,3.2,14,2,0,0
1991,96095,1637,1409,86.1,1234,75.4,175,10.7,31,1.9,32,2,37,2.3,128,7.8,0,0
1991,96098,146,99,67.8,54,37,45,30.8,33,22.6,0,0,0,0,7,4.8,0,0
1991,96099,69,40,58,20,29,20,29,17,24.6,0,0,6,8.7,0,0,0,0
1991,96101,42,36,85.7,31,73.8,5,11.9,7,16.7,0,0,0,0,0,0,0,0
1991,96102,155,137,88.4,129,83.2,8,5.2,0,0,0,0,0,0,10,6.5,0,0
1991,96103,71,39,54.9,16,22.5,23,32.4,17,23.9,6,8.5,0,0,0,0,0,0
1991,96104,131,81,61.8,57,43.5,24,18.3,11,8.4,23,17.6,16,12.2,0,0,0,0
1991,96106,263,239,90.9,214,81.4,25,9.5,9,3.4,10,3.8,0,0,0,0,0,0
1991,96107,72,41,56.9,20,27.8,21,29.2,27,37.5,0,0,0,0,0,0,0,0
1991,96109,284,188,66.2,93,32.7,95,33.5,38,13.4,18,6.3,0,0,10,3.5,0,0
1991,96110,306,172,56.2,86,28.1,86,28.1,72,23.5,34,11.1,22,7.2,16,5.2,0,0
1991,96111,251,119,47.4,61,24.3,58,23.1,63,25.1,19,7.6,16,6.4,34,13.5,0,0
1991,96112,241,134,55.6,110,45.6,24,10,38,15.8,19,7.9,13,5.4,7,2.9,0,0
1991,96113,33,21,63.6,8,24.2,13,39.4,9,27.3,0,0,0,0,0,0,0,0
1991,96114,246,189,76.8,140,56.9,49,19.9,7,2.8,5,2,20,8.1,8,3.3,0,0
1991,96119,319,37,11.6,12,3.8,25,7.8,156,48.9,16,5,17,5.3,122,38.2,0,0
1991,115115,1368,728,53.2,515,37.6,213,15.6,82,6,96,7,101,7.4,68,5,0,0
1992,96088,811,906,111.7,629,77.6,277,34.2,67,8.3,75,9.2,81,10,27,3.3,0,0
1992,96089,617,336,54.5,198,32.1,138,22.4,203,32.9,49,7.9,47,7.6,13,2.1,0,0
1992,96090,370,284,76.8,188,50.8,96,25.9,21,5.7,12,3.2,11,3,64,17.3,0,0
1992,96091,920,753,81.8,544,59.1,209,22.7,54,5.9,26,2.8,19,2.1,12,1.3,0,0
1992,96092,262,221,84.4,166,63.4,55,21,23,8.8,8,3.1,0,0,16,6.1,0,0
1992,96093,349,282,80.8,163,46.7,119,34.1,18,5.2,13,3.7,13,3.7,11,3.2,0,0
1992,96094,697,531,76.2,340,48.8,191,27.4,116,16.6,29,4.2,30,4.3,22,3.2,0,0
1992,96095,1660,1335,80.4,1162,70,173,10.4,28,1.7,29,1.7,33,2,187,11.3,0,0
1992,96098,125,77,61.6,47,37.6,30,24,28,22.4,5,4,7,5.6,9,7.2,0,0
1992,96099,65,43,66.2,22,33.8,21,32.3,0,0,0,0,5,7.7,13,20,0,0
1992,96101,31,28,90.3,22,71,6,19.4,0,0,0,0,0,0,0,0,0,0
1992,96102,151,133,88.1,121,80.1,12,7.9,0,0,0,0,0,0,0,0,0,0
1992,96103,58,32,55.2,20,34.5,12,20.7,16,27.6,5,8.6,0,0,0,0,0,0
1992,96104,125,69,55.2,48,38.4,21,16.8,19,15.2,15,12,12,9.6,0,0,0,0
1992,96106,213,181,85,151,70.9,30,14.1,6,2.8,0,0,19,8.9,0,0,0,0
1992,96107,62,31,50,16,25.8,15,24.2,12,19.4,0,0,22,35.5,0,0,0,0
1992,96109,254,188,74,93,36.6,95,37.4,38,15,18,7.1,0,0,10,3.9,0,0
1992,96110,335,144,43,88,26.3,56,16.7,139,41.5,29,8.7,22,6.6,13,3.9,0,0
1992,96111,234,104,44.4,60,25.6,44,18.8,56,23.9,14,6,0,0,73,31.2,0,0
1992,96112,216,146,67.6,116,53.7,30,13.9,40,18.5,12,5.6,12,5.6,14,6.5,0,0
1992,96113,35,16,45.7,10,28.6,6,17.1,14,40,0,0,0,0,0,0,0,0
1992,96114,256,168,65.6,127,49.6,41,16,8,3.1,0,0,10,3.9,47,18.4,0,0
1992,96119,347,86,24.8,26,7.5,60,17.3,181,52.2,5,1.4,25,7.2,40,11.5,0,0
1992,115115,1302,923,70.9,661,50.8,262,20.1,88,6.8,99,7.6,108,8.3,71,5.5,0,0
1993,96088,1173,925,78.9,672,57.3,253,21.6,71,6.1,39,3.3,54,4.6,6,0.5,0,0
1993,96089,646,343,53.1,190,29.4,153,23.7,147,22.8,36,5.6,54,8.4,24,3.7,0,0
1993,96090,392,356,90.8,265,67.6,91,23.2,52,13.3,9,2.3,17,4.3,0,0,0,0
1993,96091,934,685,73.3,505,54.1,180,19.3,11,1.2,16,1.7,15,1.6,11,1.2,0,0
1993,96092,314,249,79.3,175,55.7,74,23.6,36,11.5,10,3.2,5,1.6,14,4.5,0,0
1993,96093,356,282,79.2,163,45.8,119,33.4,18,5.1,13,3.7,13,3.7,11,3.1,0,0
1993,96094,696,563,80.9,342,49.1,221,31.8,128,18.4,20,2.9,12,1.7,12,1.7,0,0
1993,96095,1615,1304,80.7,1138,70.5,166,10.3,26,1.6,27,1.7,31,1.9,141,8.7,0,0
1993,96098,119,80,67.2,37,31.1,43,36.1,25,21,0,0,0,0,12,10.1,0,0
1993,96099,60,45,75,23,38.3,22,36.7,0,0,0,0,0,0,8,13.3,0,0
1993,96101,38,33,86.8,24,63.2,9,23.7,6,15.8,0,0,0,0,0,0,0,0
1993,96102,138,148,107.2,136,98.6,12,8.7,6,4.3,0,0,0,0,0,0,0,0
1993,96103,59,22,37.3,10,16.9,12,20.3,24,40.7,0,0,0,0,0,0,0,0
1993,96104,109,83,76.1,54,49.5,29,26.6,18,16.5,9,8.3,15,13.8,0,0,0,0
1993,96106,197,180,91.4,164,83.2,16,8.1,0,0,0,0,0,0,11,5.6,0,0
1993,96107,57,23,40.4,9,15.8,14,24.6,23,40.4,0,0,0,0,0,0,0,0
1993,96109,263,140,53.2,81,30.8,59,22.4,42,16,22,8.4,16,6.1,35,13.3,0,0
1993,96110,368,182,49.5,110,29.9,72,19.6,84,22.8,21,5.7,23,6.3,27,7.3,0,0
1993,96111,214,109,50.9,53,24.8,56,26.2,62,29,9,4.2,8,3.7,27,12.6,0,0
1993,96112,245,157,64.1,115,46.9,42,17.1,53,21.6,7,2.9,13,5.3,10,4.1,0,0
1993,96113,35,26,74.3,9,25.7,17,48.6,8,22.9,0,0,0,0,0,0,0,0
1993,96114,214,168,78.5,127,59.3,41,19.2,7,3.3,0,0,10,4.7,29,13.6,0,0
1993,96119,348,83,23.9,15,4.3,68,19.5,198,56.9,17,4.9,20,5.7,30,8.6,0,0
1993,115115,873,579,66.3,400,45.8,179,20.5,81,9.3,66,7.6,85,9.7,57,6.5,0,0
1994,96088,1138,873,76.7,609,53.5,264,23.2,79,6.9,82,7.2,96,8.4,44,3.9,0,0
1994,96089,683,335,49,206,30.2,129,18.9,152,22.3,48,7,35,5.1,12,1.8,0,0
1994,96090,361,295,81.7,188,52.1,107,29.6,32,8.9,0,0,22,6.1,8,2.2,0,0
1994,96091,977,813,83.2,628,64.3,185,18.9,23,2.4,17,1.7,30,3.1,0,0,0,0
1994,96092,310,248,80,184,59.4,64,20.6,29,9.4,9,2.9,0,0,10,3.2,0,0
1994,96093,328,275,83.8,149,45.4,126,38.4,11,3.4,13,4,13,4,16,4.9,0,0
1994,96094,719,540,75.1,320,44.5,220,30.6,174,24.2,10,1.4,23,3.2,11,1.5,0,0
1994,96095,1592,1365,85.7,1200,75.4,165,10.4,29,1.8,26,1.6,32,2,140,8.8,0,0
1994,96098,147,89,60.5,49,33.3,40,27.2,29,19.7,5,3.4,9,6.1,11,7.5,0,0
1994,96099,50,37,74,15,30,22,44,0,0,0,0,0,0,7,14,0,0
1994,96101,33,31,93.9,23,69.7,8,24.2,0,0,0,0,0,0,0,0,0,0
1994,96102,160,142,88.8,120,75,22,13.8,0,0,0,0,0,0,26,16.3,0,0
1994,96103,68,28,41.2,12,17.6,16,23.5,31,45.6,0,0,0,0,0,0,0,0
1994,96104,119,60,50.4,38,31.9,22,18.5,12,10.1,6,5,9,7.6,0,0,0,0
1994,96106,220,197,89.5,164,74.5,33,15,0,0,0,0,0,0,18,8.2,0,0
1994,96107,71,36,50.7,15,21.1,21,29.6,16,22.5,5,7,0,0,0,0,0,0
1994,96109,199,118,59.3,79,39.7,39,19.6,28,14.1,5,2.5,28,14.1,41,20.6,0,0
1994,96110,255,146,57.3,84,32.9,62,24.3,78,30.6,16,6.3,20,7.8,21,8.2,0,0
1994,96111,210,104,49.5,59,28.1,45,21.4,61,29,15,7.1,17,8.1,24,11.4,0,0
1994,96112,173,119,68.8,88,50.9,31,17.9,41,23.7,14,8.1,11,6.4,0,0,0,0
1994,96113,39,10,25.6,6,15.4,0,0,12,30.8,0,0,0,0,10,25.6,0,0
1994,96114,250,206,82.4,143,57.2,63,25.2,16,6.4,7,2.8,0,0,17,6.8,0,0
1994,96119,347,64,18.4,19,5.5,45,13,203,58.5,13,3.7,19,5.5,48,13.8,0,0
1994,115115,1128,0,0,0,0,0,0,0,0,0,0,0,0,0,0,0,0
1995,96088,1257,884,70.3,661,52.6,223,17.7,107,8.5,53,4.2,76,6,38,3,0,0
1995,96089,655,340,51.9,212,32.4,128,19.5,151,23.1,46,7,19,2.9,6,0.9,0,0
1995,96090,350,315,90,205,58.6,110,31.4,15,4.3,8,2.3,19,5.4,6,1.7,0,0
1995,96091,997,582,58.4,485,48.6,97,9.7,63,6.3,13,1.3,12,1.2,11,1.1,0,0
1995,96092,285,238,83.5,162,56.8,76,26.7,27,9.5,5,1.8,0,0,13,4.6,0,0
1995,96093,327,279,85.3,176,53.8,103,31.5,18,5.5,5,1.5,16,4.9,8,2.4,0,0
1995,96094,667,519,77.8,298,44.7,221,33.1,89,13.3,15,2.2,39,5.8,14,2.1,0,0
1995,96095,1563,1355,86.7,1180,75.5,175,11.2,26,1.7,15,1,36,2.3,131,8.4,0,0
1995,96098,131,112,85.5,38,29,74,56.5,0,0,0,0,0,0,8,6.1,0,0
1995,96099,54,39,72.2,21,38.9,18,33.3,0,0,0,0,5,9.3,8,14.8,0,0
1995,96101,36,31,86.1,22,61.1,9,25,0,0,0,0,0,0,0,0,0,0
1995,96102,139,110,79.1,91,65.5,19,13.7,0,0,0,0,0,0,23,16.5,0,0
1995,96103,77,38,49.4,17,22.1,21,27.3,24,31.2,0,0,0,0,9,11.7,0,0
1995,96104,101,35,34.7,25,24.8,10,9.9,44,43.6,6,5.9,6,5.9,5,5,0,0
1995,96106,217,196,90.3,178,82,18,8.3,6,2.8,0,0,0,0,13,6,0,0
1995,96107,61,43,70.5,16,26.2,27,44.3,14,23,0,0,0,0,0,0,0,0
1995,96109,235,111,47.2,62,26.4,49,20.9,51,21.7,0,0,24,10.2,45,19.1,0,0
1995,96110,243,142,58.4,68,28,74,30.5,53,21.8,8,3.3,6,2.5,0,0,0,0
1995,96111,197,85,43.1,41,20.8,44,22.3,60,30.5,6,3,20,10.2,41,20.8,0,0
1995,96112,210,142,67.6,115,54.8,27,12.9,26,12.4,8,3.8,13,6.2,23,11,0,0
1995,96113,34,12,35.3,7,20.6,5,14.7,15,44.1,0,0,6,17.6,0,0,0,0
1995,96114,249,206,82.7,143,57.4,63,25.3,16,6.4,7,2.8,0,0,17,6.8,0,0
1995,96119,384,53,13.8,9,2.3,44,11.5,294,76.6,10,2.6,20,5.2,7,1.8,0,0
1995,115115,1140,0,0,0,0,0,0,0,0,0,0,0,0,0,0,0,0
1996,96088,1150,886,77,602,52.3,284,24.7,67,5.8,89,7.7,72,6.3,6,0.5,0,0
1996,96089,691,340,49.2,209,30.2,131,19,154,22.3,49,7.1,34,4.9,11,1.6,0,0
1996,96090,357,261,73.1,161,45.1,100,28,76,21.3,0,0,7,2,10,2.8,0,0
1996,96091,1010,610,60.4,474,46.9,136,13.5,12,1.2,0,0,9,0.9,0,0,0,0
1996,96092,302,265,87.7,182,60.3,83,27.5,13,4.3,0,0,0,0,5,1.7,0,0
1996,96093,321,280,87.2,177,55.1,103,32.1,26,8.1,0,0,11,3.4,5,1.6,0,0
1996,96094,776,541,69.7,275,35.4,266,34.3,141,18.2,18,2.3,15,1.9,61,7.9,0,0
1996,96095,1547,1341,86.7,1168,75.5,173,11.2,26,1.7,15,1,35,2.3,130,8.4,0,0
1996,96098,133,101,75.9,37,27.8,64,48.1,9,6.8,0,0,5,3.8,9,6.8,0,0
1996,96099,57,43,75.4,23,40.4,20,35.1,0,0,0,0,0,0,8,14,0,0
1996,96101,42,36,85.7,26,61.9,10,23.8,0,0,0,0,0,0,0,0,0,0
1996,96102,156,147,94.2,130,83.3,17,10.9,0,0,0,0,0,0,6,3.8,0,0
1996,96103,51,29,56.9,9,17.6,20,39.2,12,23.5,0,0,0,0,0,0,0,0
1996,96104,101,61,60.4,42,41.6,19,18.8,31,30.7,0,0,8,7.9,0,0,0,0
1996,96106,233,214,91.8,198,85,16,6.9,9,3.9,0,0,0,0,8,3.4,0,0
1996,96107,52,31,59.6,21,40.4,10,19.2,12,23.1,0,0,0,0,6,11.5,0,0
1996,96109,212,85,40.1,55,25.9,30,14.2,46,21.7,9,4.2,12,5.7,34,16,0,0
1996,96110,266,202,75.9,104,39.1,98,36.8,44,16.5,9,3.4,0,0,10,3.8,0,0
1996,96111,204,91,44.6,43,21.1,48,23.5,44,21.6,12,5.9,20,9.8,37,18.1,0,0
1996,96112,208,144,69.2,106,51,38,18.3,8,3.8,6,2.9,13,6.3,37,17.8,0,0
1996,96113,49,30,61.2,13,26.5,17,34.7,10,20.4,0,0,8,16.3,0,0,0,0
1996,96114,265,226,85.3,157,59.2,69,26,28,10.6,5,1.9,0,0,6,2.3,0,0
1996,96119,445,62,13.9,16,3.6,46,10.3,221,49.7,13,2.9,23,5.2,66,14.8,0,0
1996,115115,1144,437,38.2,269,23.5,168,14.7,312,27.3,51,4.5,56,4.9,277,24.2,0,0
1997,96088,1122,869,77.5,583,52,286,25.5,68,6.1,92,8.2,89,7.9,0,0,0,0
1997,96089,629,416,66.1,261,41.5,155,24.6,20,3.2,22,3.5,47,7.5,7,1.1,0,0
1997,96090,363,283,78,183,50.4,100,27.5,44,12.1,13,3.6,15,4.1,8,2.2,0,0
1997,96091,1131,837,74,595,52.6,242,21.4,58,5.1,22,1.9,45,4,8,0.7,0,0
1997,96092,259,234,90.3,162,62.5,72,27.8,0,0,0,0,8,3.1,11,4.2,0,0
1997,96093,306,255,83.3,149,48.7,106,34.6,22,7.2,11,3.6,10,3.3,8,2.6,0,0
1997,96094,784,608,77.6,323,41.2,285,36.4,128,16.3,11,1.4,25,3.2,12,1.5,0,0
1997,96095,1530,1324,86.5,1150,75.2,174,11.4,28,1.8,16,1,33,2.2,129,8.4,0,0
1997,96098,126,117,92.9,52,41.3,65,51.6,8,6.3,0,0,7,5.6,14,11.1,0,0
1997,96099,56,11,19.6,5,8.9,6,10.7,0,0,0,0,0,0,0,0,0,0
1997,96101,52,48,92.3,40,76.9,8,15.4,8,15.4,0,0,0,0,0,0,0,0
1997,96102,153,143,93.5,120,78.4,23,15,0,0,0,0,0,0,10,6.5,0,0
1997,96103,56,27,48.2,9,16.1,18,32.1,19,33.9,0,0,0,0,8,14.3,0,0
1997,96104,108,39,36.1,29,26.9,10,9.3,23,21.3,9,8.3,0,0,21,19.4,0,0
1997,96106,259,211,81.5,177,68.3,34,13.1,7,2.7,0,0,0,0,16,6.2,0,0
1997,96107,55,23,41.8,11,20,12,21.8,18,32.7,0,0,0,0,6,10.9,0,0
1997,96109,178,77,43.3,46,25.8,31,17.4,47,26.4,12,6.7,10,5.6,6,3.4,0,0
1997,96110,271,184,67.9,95,35.1,89,32.8,44,16.2,12,4.4,0,0,0,0,0,0
1997,96111,206,108,52.4,56,27.2,52,25.2,51,24.8,10,4.9,23,11.2,14,6.8,0,0
1997,96112,228,131,57.5,86,37.7,45,19.7,28,12.3,14,6.1,7,3.1,48,21.1,0,0
1997,96113,49,17,34.7,10,20.4,7,14.3,6,12.2,0,0,0,0,9,18.4,0,0
1997,96114,288,245,85.1,193,67,52,18.1,17,5.9,0,0,15,5.2,8,2.8,0,0
1997,96119,419,130,31,17,4.1,113,27,358,85.4,26,6.2,58,13.8,58,13.8,0,0
1997,115115,1084,364,33.6,213,19.6,151,13.9,257,23.7,49,4.5,36,3.3,329,30.4,0,0
1998,96088,1139,921,80.9,596,52.3,325,28.5,69,6.1,41,3.6,74,6.5,18,1.6,0,0
1998,96089,533,374,70.2,289,54.2,85,15.9,18,3.4,24,4.5,42,7.9,24,4.5,0,0
1998,96090,390,322,82.6,201,51.5,121,31,37,9.5,12,3.1,18,4.6,0,0,0,0
1998,96091,1208,1077,89.2,784,64.9,293,24.3,31,2.6,16,1.3,13,1.1,20,1.7,0,0
1998,96092,285,259,90.9,185,64.9,74,26,11,3.9,0,0,5,1.8,10,3.5,0,0
1998,96093,385,335,87,192,49.9,143,37.1,20,5.2,0,0,18,4.7,5,1.3,0,0
1998,96094,774,581,75.1,297,38.4,284,36.7,134,17.3,19,2.5,40,5.2,0,0,0,0
1998,96095,1549,1356,87.5,1146,74,210,13.6,33,2.1,15,1,33,2.1,112,7.2,0,0
1998,96098,147,124,84.4,61,41.5,63,42.9,9,6.1,7,4.8,7,4.8,11,7.5,0,0
1998,96099,72,15,20.8,9,12.5,6,8.3,0,0,0,0,0,0,0,0,0,0
1998,96101,59,41,69.5,25,42.4,16,27.1,0,0,0,0,0,0,0,0,0,0
1998,96102,156,148,94.9,136,87.2,12,7.7,0,0,0,0,0,0,0,0,0,0
1998,96103,52,19,36.5,7,13.5,12,23.1,20,38.5,0,0,0,0,7,13.5,0,0
1998,96104,104,52,50,25,24,27,26,27,26,10,9.6,11,10.6,0,0,0,0
1998,96106,245,230,93.9,199,81.2,31,12.7,7,2.9,0,0,0,0,6,2.4,0,0
1998,96107,47,35,74.5,15,31.9,20,42.6,9,19.1,0,0,0,0,0,0,0,0
1998,96109,179,93,52,42,23.5,51,28.5,28,15.6,16,8.9,10,5.6,20,11.2,0,0
1998,96110,276,178,64.5,87,31.5,91,33,46,16.7,17,6.2,0,0,0,0,0,0
1998,96111,214,107,50,56,26.2,51,23.8,60,28,12,5.6,17,7.9,18,8.4,0,0
1998,96112,192,124,64.6,81,42.2,43,22.4,20,10.4,6,3.1,18,9.4,24,12.5,0,0
1998,96113,43,25,58.1,12,27.9,13,30.2,14,32.6,0,0,0,0,0,0,0,0
1998,96114,287,236,82.2,159,55.4,77,26.8,22,7.7,8,2.8,16,5.6,5,1.7,0,0
1998,96119,390,90,23.1,0,0,86,22.1,247,63.3,8,2.1,14,3.6,24,6.2,0,0
1998,115115,1198,448,37.4,226,18.9,222,18.5,260,21.7,44,3.7,42,3.5,339,28.3,0,0
1999,96088,1206,1007,83.5,713,59.1,294,24.4,51,4.2,49,4.1,69,5.7,30,2.5,0,0
1999,96089,714,499,69.9,303,42.4,196,27.5,23,3.2,32,4.5,55,7.7,46,6.4,0,0
1999,96090,396,317,80.1,199,50.3,118,29.8,42,10.6,13,3.3,17,4.3,7,1.8,0,0
1999,96091,1393,1202,86.3,939,67.4,263,18.9,93,6.7,6,0.4,22,1.6,15,1.1,0,0
1999,96092,290,248,85.5,181,62.4,67,23.1,14,4.8,6,2.1,7,2.4,15,5.2,0,0
1999,96093,337,281,83.4,143,42.4,138,40.9,13,3.9,7,2.1,24,7.1,6,1.8,0,0
1999,96094,750,604,80.5,307,40.9,297,39.6,103,13.7,29,3.9,20,2.7,0,0,0,0
1999,96095,1667,1482,88.9,1242,74.5,240,14.4,31,1.9,15,0.9,27,1.6,112,6.7,0,0
1999,96098,158,112,70.9,47,29.7,65,41.1,21,13.3,0,0,10,6.3,7,4.4,0,0
1999,96099,64,38,59.4,17,26.6,21,32.8,7,10.9,0,0,0,0,0,0,0,0
1999,96101,46,41,89.1,25,54.3,16,34.8,0,0,0,0,0,0,0,0,0,0
1999,96102,188,143,76.1,131,69.7,12,6.4,0,0,0,0,0,0,0,0,0,0
1999,96103,59,31,52.5,8,13.6,23,39,12,20.3,0,0,0,0,10,16.9,0,0
1999,96104,99,66,66.7,35,35.4,31,31.3,5,5.1,5,5.1,19,19.2,0,0,0,0
1999,96106,234,215,91.9,188,80.3,27,11.5,9,3.8,0,0,0,0,10,4.3,0,0
1999,96107,59,44,74.6,23,39,21,35.6,11,18.6,0,0,0,0,0,0,0,0
1999,96109,188,99,52.7,42,22.3,57,30.3,33,17.6,10,5.3,13,6.9,32,17,0,0
1999,96110,247,161,65.2,111,44.9,50,20.2,56,22.7,8,3.2,15,6.1,0,0,0,0
1999,96111,220,144,65.5,77,35,67,30.5,17,7.7,16,7.3,21,9.5,38,17.3,0,0
1999,96112,218,103,47.2,80,36.7,23,10.6,7,3.2,0,0,0,0,5,2.3,0,0
1999,96113,42,28,66.7,12,28.6,16,38.1,14,33.3,0,0,0,0,0,0,0,0
1999,96114,264,197,74.6,148,56.1,49,18.6,18,6.8,5,1.9,33,12.5,11,4.2,0,0
1999,96119,723,140,19.4,18,2.5,122,16.9,363,50.2,22,3,63,8.7,92,12.7,0,0
1999,115115,1171,474,40.5,257,21.9,217,18.5,284,24.3,59,5,31,2.6,317,27.1,0,0
2000,96088,1177,969,82.3,591,50.2,378,32.1,56,4.8,51,4.3,90,7.6,8,0.7,0,0
2000,96089,711,477,67.1,281,39.5,196,27.6,22,3.1,46,6.5,51,7.2,43,6,0,0
2000,96090,454,375,82.6,236,52,139,30.6,34,7.5,13,2.9,23,5.1,9,2,0,0
2000,96091,1353,1167,86.3,762,56.3,405,29.9,38,2.8,0,0,0,0,0,0,0,0
2000,96092,339,310,91.4,216,63.7,94,27.7,14,4.1,0,0,0,0,7,2.1,0,0
2000,96093,339,304,89.7,147,43.4,157,46.3,18,5.3,9,2.7,8,2.4,0,0,0,0
2000,96094,813,694,85.4,308,37.9,386,47.5,61,7.5,18,2.2,24,3,16,2,0,0
2000,96095,1429,1260,88.2,948,66.3,312,21.8,42,2.9,13,0.9,24,1.7,90,6.3,0,0
2000,96098,154,145,94.2,66,42.9,79,51.3,21,13.6,0,0,0,0,6,3.9,0,0
2000,96099,81,42,51.9,20,24.7,22,27.2,28,34.6,0,0,0,0,6,7.4,0,0
2000,96101,50,47,94,32,64,15,30,0,0,0,0,0,0,0,0,0,0
2000,96102,150,143,95.3,131,87.3,12,8,0,0,0,0,0,0,0,0,0,0
2000,96103,58,25,43.1,10,17.2,15,25.9,27,46.6,0,0,0,0,0,0,0,0
2000,96104,120,69,57.5,41,34.2,28,23.3,8,6.7,7,5.8,27,22.5,9,7.5,0,0
2000,96106,241,221,91.7,179,74.3,42,17.4,9,3.7,0,0,0,0,10,4.1,0,0
2000,96107,51,34,66.7,19,37.3,15,29.4,14,27.5,0,0,0,0,0,0,0,0
2000,96109,192,118,61.5,73,38,45,23.4,54,28.1,8,4.2,12,6.3,0,0,0,0
2000,96110,290,164,56.6,109,37.6,55,19,56,19.3,8,2.8,12,4.1,0,0,0,0
2000,96111,278,187,67.3,82,29.5,105,37.8,25,9,11,4,27,9.7,23,8.3,0,0
2000,96112,221,146,66.1,89,40.3,57,25.8,30,13.6,0,0,16,7.2,23,10.4,0,0
2000,96113,47,34,72.3,12,25.5,22,46.8,8,17,0,0,0,0,0,0,0,0
2000,96114,265,215,81.1,165,62.3,50,18.9,14,5.3,6,2.3,21,7.9,9,3.4,0,0
2000,96119,703,176,25,30,4.3,146,20.8,335,47.7,17,2.4,63,9,52,7.4,0,0
2000,115115,1263,492,39,287,22.7,205,16.2,328,26,63,5,26,2.1,337,26.7,0,0
2001,96088,1175,900,76.6,545,46.4,355,30.2,58,4.9,50,4.3,105,8.9,33,2.8,0,0
2001,96089,701,428,61.1,247,35.2,181,25.8,19,2.7,42,6,64,9.1,17,2.4,0,0
2001,96090,384,276,71.9,178,46.4,98,25.5,39,10.2,5,1.3,0,0,64,16.7,0,0
2001,96091,1385,1183,85.4,856,61.8,327,23.6,89,6.4,12,0.9,57,4.1,24,1.7,0,0
2001,96092,330,309,93.6,230,69.7,79,23.9,11,3.3,0,0,0,0,6,1.8,0,0
2001,96093,383,327,85.4,195,50.9,132,34.5,20,5.2,12,3.1,10,2.6,6,1.6,0,0
2001,96094,846,728,86.1,359,42.4,369,43.6,65,7.7,13,1.5,22,2.6,18,2.1,0,0
2001,96095,1388,1199,86.4,958,69,241,17.4,55,4,22,1.6,30,2.2,82,5.9,0,0
2001,96098,181,140,77.3,61,33.7,79,43.6,19,10.5,0,0,7,3.9,6,3.3,0,0
2001,96099,103,44,42.7,17,16.5,27,26.2,45,43.7,5,4.9,9,8.7,0,0,0,0
2001,96101,59,55,93.2,43,72.9,12,20.3,0,0,0,0,0,0,0,0,0,0
2001,96102,196,186,94.9,170,86.7,16,8.2,0,0,0,0,0,0,0,0,0,0
2001,96103,72,45,62.5,7,9.7,38,52.8,21,29.2,0,0,0,0,0,0,0,0
2001,96104,112,81,72.3,52,46.4,29,25.9,13,11.6,7,6.3,0,0,0,0,0,0
2001,96106,254,231,90.9,193,76,38,15,8,3.1,0,0,0,0,12,4.7,0,0
2001,96107,52,37,71.2,20,38.5,17,32.7,14,26.9,0,0,0,0,0,0,0,0
2001,96109,154,92,59.7,44,28.6,48,31.2,33,21.4,8,5.2,12,7.8,9,5.8,0,0
2001,96110,288,203,70.5,112,38.9,91,31.6,45,15.6,16,5.6,24,8.3,0,0,0,0
2001,96111,327,191,58.4,113,34.6,78,23.9,47,14.4,19,5.8,21,6.4,32,9.8,0,0
2001,96112,223,138,61.9,96,43,42,18.8,51,22.9,9,4,7,3.1,18,8.1,0,0
2001,96113,52,30,57.7,14,26.9,16,30.8,18,34.6,0,0,0,0,0,0,0,0
2001,96114,295,246,83.4,185,62.7,61,20.7,17,5.8,10,3.4,16,5.4,5,1.7,0,0
2001,96119,634,236,37.2,44,6.9,192,30.3,313,49.4,12,1.9,11,1.7,62,9.8,0,0
2001,115115,1400,682,48.7,410,29.3,272,19.4,291,20.8,55,3.9,36,2.6,315,22.5,0,0
2002,96088,1231,927,75.3,607,49.3,320,26,63,5.1,50,4.1,135,11,56,4.5,0,0
2002,96089,696,504,72.4,272,39.1,232,33.3,23,3.3,42,6,41,5.9,18,2.6,0,0
2002,96090,424,318,75,176,41.5,142,33.5,71,16.7,16,3.8,0,0,16,3.8,0,0
2002,96091,1408,1160,82.4,840,59.7,320,22.7,16,1.1,12,0.9,22,1.6,71,5,0,0
2002,96092,359,309,86.1,211,58.8,98,27.3,19,5.3,6,1.7,6,1.7,19,5.3,0,0
2002,96093,408,335,82.1,209,51.2,126,30.9,9,2.2,13,3.2,15,3.7,36,8.8,0,0
2002,96094,809,708,87.5,323,39.9,385,47.6,51,6.3,22,2.7,27,3.3,0,0,0,0
2002,96095,1454,1312,90.2,1073,73.8,239,16.4,30,2.1,24,1.7,22,1.5,66,4.5,0,0
2002,96098,194,140,72.2,83,42.8,57,29.4,36,18.6,0,0,8,4.1,6,3.1,0,0
2002,96099,99,49,49.5,31,31.3,18,18.2,46,46.5,0,0,0,0,0,0,0,0
2002,96101,48,38,79.2,30,62.5,8,16.7,0,0,0,0,0,0,0,0,0,0
2002,96102,165,158,95.8,135,81.8,23,13.9,0,0,0,0,0,0,0,0,0,0
2002,96103,68,44,64.7,6,8.8,38,55.9,11,16.2,0,0,0,0,8,11.8,0,0
2002,96104,130,91,70,65,50,26,20,15,11.5,0,0,19,14.6,0,0,0,0
2002,96106,259,236,91.1,217,83.8,19,7.3,5,1.9,0,0,14,5.4,0,0,0,0
2002,96107,48,37,77.1,15,31.3,22,45.8,10,20.8,0,0,0,0,0,0,0,0
2002,96109,167,125,74.9,63,37.7,62,37.1,14,8.4,9,5.4,15,9,0,0,0,0
2002,96110,313,221,70.6,120,38.3,101,32.3,41,13.1,12,3.8,6,1.9,9,2.9,0,0
2002,96111,297,177,59.6,79,26.6,98,33,35,11.8,22,7.4,22,7.4,41,13.8,0,0
2002,96112,232,142,61.2,83,35.8,59,25.4,35,15.1,10,4.3,12,5.2,12,5.2,0,0
2002,96113,45,28,62.2,11,24.4,17,37.8,13,28.9,0,0,0,0,0,0,0,0
2002,96114,319,254,79.6,174,54.5,80,25.1,22,6.9,10,3.1,17,5.3,15,4.7,0,0
2002,96119,296,146,49.3,14,4.7,132,44.6,155,52.4,0,0,7,2.4,40,13.5,0,0
2002,115115,1490,664,44.6,379,25.4,285,19.1,433,29.1,35,2.3,43,2.9,259,17.4,0,0
2003,96088,1271,961,75.6,624,49.1,337,26.5,66,5.2,42,3.3,65,5.1,113,8.9,0,0
2003,96089,694,546,78.7,263,37.9,283,40.8,41,5.9,37,5.3,39,5.6,24,3.5,7,1
2003,96090,428,309,72.2,166,38.8,143,33.4,85,19.9,16,3.7,11,2.6,0,0,7,1.6
2003,96091,1474,1256,85.2,954,64.7,302,20.5,28,1.9,12,0.8,91,6.2,67,4.5,20,1.4
2003,96092,409,365,89.2,293,71.6,72,17.6,11,2.7,0,0,0,0,27,6.6,0,0
2003,96093,377,326,86.5,195,51.7,131,34.7,24,6.4,12,3.2,10,2.7,0,0,0,0
2003,96094,827,722,87.3,336,40.6,386,46.7,59,7.1,18,2.2,21,2.5,7,0.8,0,0
2003,96095,1438,1292,89.8,1047,72.8,245,17,56,3.9,18,1.3,44,3.1,28,1.9,0,0
2003,96098,181,123,68,68,37.6,55,30.4,33,18.2,8,4.4,0,0,0,0,13,7.2
2003,96099,94,60,63.8,27,28.7,33,35.1,18,19.1,0,0,10,10.6,0,0,0,0
2003,96101,63,54,85.7,39,61.9,15,23.8,7,11.1,0,0,0,0,0,0,0,0
2003,96102,189,178,94.2,159,84.1,19,10.1,0,0,0,0,0,0,0,0,0,0
2003,96103,77,44,57.1,9,11.7,35,45.5,26,33.8,0,0,0,0,6,7.8,0,0
2003,96104,147,106,72.1,57,38.8,49,33.3,6,4.1,7,4.8,28,19,0,0,0,0
2003,96106,217,204,94,178,82,26,12,9,4.1,0,0,0,0,0,0,0,0
2003,96107,40,27,67.5,13,32.5,14,35,8,20,0,0,0,0,0,0,0,0
2003,96109,152,98,64.5,48,31.6,50,32.9,43,28.3,5,3.3,0,0,0,0,0,0
2003,96110,296,209,70.6,95,32.1,114,38.5,40,13.5,12,4.1,12,4.1,0,0,21,7.1
2003,96111,306,155,50.7,57,18.6,98,32,52,17,10,3.3,23,7.5,13,4.2,53,17.3
2003,96112,187,124,66.3,88,47.1,36,19.3,38,20.3,6,3.2,0,0,0,0,6,3.2
2003,96113,64,35,54.7,13,20.3,22,34.4,9,14.1,0,0,0,0,0,0,12,18.8
2003,96114,309,245,79.3,163,52.8,82,26.5,12,3.9,8,2.6,19,6.1,25,8.1,0,0
2003,96119,253,115,45.5,18,7.1,97,38.3,148,58.5,0,0,11,4.3,34,13.4,0,0
2003,115115,1425,664,46.6,379,26.6,285,20,432,30.3,35,2.5,43,3,250,17.5,0,0
2004,96088,1186,974,82.1,622,52.4,352,29.7,49,4.1,37,3.1,115,9.7,11,0.9,0,0
2004,96089,726,569,78.4,277,38.2,292,40.2,45,6.2,40,5.5,52,7.2,9,1.2,11,1.5
2004,96090,435,313,72,150,34.5,163,37.5,66,15.2,14,3.2,10,2.3,0,0,32,7.4
2004,96091,1555,1273,81.9,960,61.7,313,20.1,16,1,20,1.3,19,1.2,64,4.1,163,10.5
2004,96092,406,340,83.7,253,62.3,87,21.4,24,5.9,0,0,12,3,26,6.4,0,0
2004,96093,397,341,85.9,183,46.1,158,39.8,32,8.1,0,0,12,3,0,0,8,2
2004,96094,885,775,87.6,334,37.7,441,49.8,64,7.2,14,1.6,31,3.5,0,0,0,0
2004,96095,1479,1334,90.2,1051,71.1,283,19.1,24,1.6,16,1.1,34,2.3,71,4.8,0,0
2004,96098,179,141,78.8,78,43.6,63,35.2,23,12.8,6,3.4,0,0,7,3.9,0,0
2004,96099,102,74,72.5,27,26.5,47,46.1,19,18.6,0,0,0,0,0,0,0,0
2004,96101,54,48,88.9,36,66.7,12,22.2,0,0,0,0,0,0,0,0,0,0
2004,96102,192,184,95.8,160,83.3,24,12.5,0,0,0,0,0,0,0,0,0,0
2004,96103,76,41,53.9,7,9.2,34,44.7,22,28.9,6,7.9,0,0,5,6.6,0,0
2004,96104,124,80,64.5,54,43.5,26,21,13,10.5,7,5.6,22,17.7,0,0,0,0
2004,96106,294,269,91.5,235,79.9,34,11.6,21,7.1,0,0,0,0,0,0,0,0
2004,96107,48,43,89.6,25,52.1,18,37.5,0,0,0,0,0,0,0,0,0,0
2004,96109,179,110,61.5,70,39.1,40,22.3,37,20.7,0,0,12,6.7,8,4.5,8,4.5
2004,96110,295,194,65.8,114,38.6,80,27.1,12,4.1,13,4.4,37,12.5,22,7.5,17,5.8
2004,96111,295,155,52.5,64,21.7,91,30.8,47,15.9,7,2.4,13,4.4,9,3.1,64,21.7
2004,96112,248,161,64.9,120,48.4,41,16.5,42,16.9,6,2.4,9,3.6,16,6.5,0,0
2004,96113,44,27,61.4,11,25,16,36.4,8,18.2,0,0,0,0,0,0,7,15.9
2004,96114,332,281,84.6,187,56.3,94,28.3,31,9.3,10,3,5,1.5,5,1.5,0,0
2004,96119,361,105,29.1,18,5,87,24.1,160,44.3,6,1.7,5,1.4,64,17.7,21,5.8
2004,115115,1558,707,45.4,393,25.2,314,20.2,427,27.4,48,3.1,50,3.2,124,8,202,13
2005,96088,1225,1013,82.7,581,47.4,432,35.3,69,5.6,50,4.1,88,7.2,5,0.4,0,0
2005,96089,700,521,74.4,255,36.4,266,38,15,2.1,32,4.6,35,5,0,0,81,11.6
2005,96090,407,278,68.3,145,35.6,133,32.7,71,17.4,9,2.2,18,4.4,8,2,23,5.7
2005,96091,1590,1352,85,1043,65.6,309,19.4,43,2.7,28,1.8,33,2.1,28,1.8,106,6.7
2005,96092,444,391,88.1,288,64.9,103,23.2,24,5.4,0,0,10,2.3,15,3.4,0,0
2005,96093,442,376,85.1,211,47.7,165,37.3,27,6.1,11,2.5,20,4.5,5,1.1,0,0
2005,96094,866,735,84.9,346,40,389,44.9,77,8.9,15,1.7,37,4.3,0,0,0,0
2005,96095,1486,1382,93,1114,75,268,18,36,2.4,16,1.1,30,2,22,1.5,0,0
2005,96098,213,128,60.1,53,24.9,75,35.2,23,10.8,0,0,0,0,7,3.3,51,23.9
2005,96099,82,63,76.8,28,34.1,35,42.7,17,20.7,0,0,0,0,0,0,0,0
2005,96101,61,53,86.9,40,65.6,13,21.3,7,11.5,0,0,0,0,0,0,0,0
2005,96102,209,201,96.2,174,83.3,27,12.9,0,0,0,0,0,0,0,0,0,0
2005,96103,76,47,61.8,9,11.8,38,50,15,19.7,0,0,6,7.9,0,0,6,7.9
2005,96104,132,78,59.1,28,21.2,50,37.9,0,0,7,5.3,18,13.6,0,0,25,18.9
2005,96106,249,228,91.6,192,77.1,36,14.5,14,5.6,0,0,0,0,0,0,0,0
2005,96107,59,36,61,17,28.8,19,32.2,0,0,0,0,22,37.3,0,0,0,0
2005,96109,143,79,55.2,56,39.2,23,16.1,41,28.7,8,5.6,12,8.4,0,0,0,0
2005,96110,336,213,63.4,114,33.9,99,29.5,11,3.3,15,4.5,22,6.5,0,0,75,22.3
2005,96111,377,161,42.7,81,21.5,80,21.2,106,28.1,0,0,18,4.8,14,3.7,76,20.2
2005,96112,217,141,65,94,43.3,47,21.7,24,11.1,0,0,0,0,8,3.7,39,18
2005,96113,58,47,81,15,25.9,32,55.2,9,15.5,0,0,0,0,0,0,0,0
2005,96114,328,263,80.2,203,61.9,60,18.3,42,12.8,0,0,8,2.4,9,2.7,5,1.5
2005,96119,369,115,31.2,21,5.7,94,25.5,141,38.2,7,1.9,19,5.1,64,17.3,23,6.2
2005,115115,1640,900,54.9,442,27,458,27.9,335,20.4,38,2.3,56,3.4,102,6.2,209,12.7
2006,96088,1165,765,65.7,446,38.3,319,27.4,233,20,45,3.9,82,7,40,3.4,0,0
2006,96089,767,566,73.8,315,41.1,251,32.7,26,3.4,25,3.3,54,7,8,1,88,11.5
2006,96090,368,259,70.4,132,35.9,127,34.5,62,16.8,8,2.2,17,4.6,0,0,18,4.9
2006,96091,1508,1300,86.2,1002,66.4,298,19.8,55,3.6,13,0.9,16,1.1,27,1.8,97,6.4
2006,96092,390,319,81.8,233,59.7,86,22.1,36,9.2,7,1.8,11,2.8,17,4.4,0,0
2006,96093,416,360,86.5,216,51.9,144,34.6,36,8.7,6,1.4,5,1.2,5,1.2,0,0
2006,96094,909,779,85.7,389,42.8,390,42.9,62,6.8,15,1.7,35,3.9,0,0,18,2
2006,96095,1369,1292,94.4,1023,74.7,269,19.6,37,2.7,18,1.3,15,1.1,7,0.5,0,0
2006,96098,194,139,71.6,75,38.7,64,33,18,9.3,0,0,0,0,0,0,34,17.5
2006,96099,116,76,65.5,34,29.3,42,36.2,29,25,5,4.3,0,0,6,5.2,0,0
2006,96101,55,40,72.7,34,61.8,6,10.9,10,18.2,0,0,0,0,0,0,0,0
2006,96102,227,215,94.7,202,89,13,5.7,6,2.6,0,0,0,0,0,0,0,0
2006,96103,84,35,41.7,15,17.9,20,23.8,32,38.1,0,0,7,8.3,0,0,0,0
2006,96104,134,114,85.1,71,53,43,32.1,9,6.7,0,0,6,4.5,0,0,0,0
2006,96106,259,249,96.1,218,84.2,31,12,0,0,0,0,0,0,0,0,0,0
2006,96107,63,40,63.5,22,34.9,18,28.6,19,30.2,0,0,0,0,0,0,0,0
2006,96109,167,93,55.7,38,22.8,55,32.9,46,27.5,5,3,14,8.4,7,4.2,0,0
2006,96110,354,168,47.5,103,29.1,65,18.4,17,4.8,0,0,35,9.9,0,0,130,36.7
2006,96111,380,178,46.8,92,24.2,86,22.6,113,29.7,8,2.1,21,5.5,8,2.1,52,13.7
2006,96112,219,151,68.9,106,48.4,45,20.5,39,17.8,0,0,5,2.3,8,3.7,15,6.8
2006,96113,60,44,73.3,22,36.7,22,36.7,8,13.3,0,0,0,0,0,0,0,0
2006,96114,319,253,79.3,171,53.6,82,25.7,35,11,0,0,5,1.6,7,2.2,15,4.7
2006,96119,366,134,36.6,29,7.9,105,28.7,116,31.7,0,0,13,3.6,77,21,23,6.3
2006,115115,1617,809,50,450,27.8,359,22.2,323,20,25,1.5,95,5.9,99,6.1,266,16.5
2007,96088,1137,908,79.9,531,46.7,377,33.2,72,6.3,40,3.5,78,6.9,39,3.4,0,0
2007,96089,759,553,72.9,333,43.9,220,29,27,3.6,33,4.3,44,5.8,8,1.1,94,12.4
2007,96090,400,273,68.3,147,36.8,126,31.5,68,17,12,3,19,4.8,13,3.3,15,3.8
2007,96091,1659,1396,84.1,1134,68.4,262,15.8,12,0.7,8,0.5,11,0.7,0,0,229,13.8
2007,96092,416,353,84.9,279,67.1,74,17.8,35,8.4,0,0,5,1.2,20,4.8,0,0
2007,96093,438,362,82.6,240,54.8,122,27.9,43,9.8,8,1.8,5,1.1,0,0,16,3.7
2007,96094,813,692,85.1,338,41.6,354,43.5,72,8.9,18,2.2,29,3.6,0,0,0,0
2007,96095,1427,1332,93.3,1039,72.8,293,20.5,51,3.6,0,0,19,1.3,22,1.5,0,0
2007,96098,178,122,68.5,76,42.7,46,25.8,13,7.3,0,0,0,0,0,0,42,23.6
2007,96099,86,59,68.6,32,37.2,27,31.4,20,23.3,0,0,0,0,0,0,0,0
2007,96101,53,48,90.6,37,69.8,11,20.8,0,0,0,0,0,0,0,0,0,0
2007,96102,211,201,95.3,177,83.9,24,11.4,0,0,0,0,0,0,0,0,0,0
2007,96103,85,45,52.9,19,22.4,26,30.6,9,10.6,7,8.2,17,20,0,0,7,8.2
2007,96104,143,80,55.9,47,32.9,33,23.1,6,4.2,0,0,21,14.7,0,0,35,24.5
2007,96106,258,249,96.5,228,88.4,21,8.1,6,2.3,0,0,0,0,0,0,0,0
2007,96107,49,34,69.4,15,30.6,19,38.8,8,16.3,0,0,0,0,0,0,0,0
2007,96109,167,107,64.1,70,41.9,37,22.2,38,22.8,0,0,15,9,0,0,0,0
2007,96110,328,168,51.2,96,29.3,72,22,25,7.6,10,3,24,7.3,0,0,98,29.9
2007,96111,410,245,59.8,125,30.5,120,29.3,122,29.8,10,2.4,15,3.7,10,2.4,8,2
2007,96112,225,179,79.6,110,48.9,69,30.7,17,7.6,0,0,0,0,0,0,23,10.2
2007,96113,52,38,73.1,19,36.5,19,36.5,0,0,0,0,14,26.9,0,0,0,0
2007,96114,322,275,85.4,195,60.6,80,24.8,8,2.5,7,2.2,6,1.9,14,4.3,12,3.7
2007,96119,365,162,44.4,19,5.2,143,39.2,108,29.6,6,1.6,0,0,62,17,23,6.3
2007,115115,1622,955,58.9,571,35.2,384,23.7,229,14.1,22,1.4,56,3.5,48,3,364,22.4
2008,96088,1222,1023,83.7,663,54.3,360,29.5,68,5.6,68,5.6,47,3.8,16,1.3,0,0
2008,96089,744,547,73.5,304,40.9,243,32.7,35,4.7,21,2.8,57,7.7,12,1.6,72,9.7
2008,96090,377,262,69.5,145,38.5,117,31,48,12.7,8,2.1,6,1.6,5,1.3,48,12.7
2008,96091,1663,1442,86.7,1168,70.2,274,16.5,10,0.6,11,0.7,67,4,11,0.7,122,7.3
2008,96092,424,360,84.9,280,66,80,18.9,29,6.8,0,0,16,3.8,9,2.1,8,1.9
2008,96093,443,371,83.7,224,50.6,147,33.2,46,10.4,11,2.5,11,2.5,0,0,0,0
2008,96094,931,754,81,387,41.6,367,39.4,56,6,28,3,47,5,16,1.7,30,3.2
2008,96095,1531,1413,92.3,1114,72.8,299,19.5,39,2.5,14,0.9,14,0.9,35,2.3,16,1
2008,96098,186,127,68.3,68,36.6,59,31.7,23,12.4,0,0,0,0,0,0,32,17.2
2008,96099,110,88,80,46,41.8,42,38.2,13,11.8,0,0,0,0,0,0,5,4.5
2008,96101,46,43,93.5,34,73.9,9,19.6,0,0,0,0,0,0,0,0,0,0
2008,96102,237,222,93.7,205,86.5,17,7.2,0,0,0,0,0,0,6,2.5,0,0
2008,96103,89,43,48.3,14,15.7,29,32.6,18,20.2,0,0,0,0,0,0,17,19.1
2008,96104,146,80,54.8,55,37.7,25,17.1,7,4.8,0,0,0,0,14,9.6,43,29.5
2008,96106,271,251,92.6,219,80.8,32,11.8,13,4.8,0,0,0,0,0,0,0,0
2008,96107,69,36,52.2,21,30.4,15,21.7,18,26.1,0,0,0,0,0,0,5,7.2
2008,96109,163,100,61.3,59,36.2,41,25.2,32,19.6,0,0,22,13.5,6,3.7,0,0
2008,96110,323,138,42.7,77,23.8,61,18.9,106,32.8,14,4.3,13,4,0,0,52,16.1
2008,96111,367,92,25.1,57,15.5,35,9.5,74,20.2,0,0,15,4.1,24,6.5,160,43.6
2008,96112,266,226,85,148,55.6,78,29.3,9,3.4,0,0,7,2.6,21,7.9,0,0
2008,96113,53,41,77.4,25,47.2,16,30.2,7,13.2,0,0,0,0,0,0,0,0
2008,96114,329,287,87.2,206,62.6,81,24.6,11,3.3,0,0,0,0,0,0,21,6.4
2008,96119,344,167,48.5,40,11.6,127,36.9,115,33.4,6,1.7,0,0,49,14.2,5,1.5
2008,115115,1489,902,60.6,584,39.2,318,21.4,251,16.9,29,1.9,77,5.2,66,4.4,119,8
2008,115906,0,0,0,0,0,0,0,0,0,0,0,0,0,0,0,0,0
2009,96088,1274,1157,90.8,941,73.9,216,17,91,7.1,24,1.9,0,0,0,0,0,0
2009,96089,834,634,76,287,34.4,347,41.6,76,9.1,13,1.6,69,8.3,24,2.9,19,2.3
2009,96090,413,289,70,163,39.5,126,30.5,58,14,8,1.9,0,0,12,2.9,43,10.4
2009,96091,1726,1450,84,1128,65.4,322,18.7,21,1.2,10,0.6,12,0.7,17,1,216,12.5
2009,96092,396,338,85.4,262,66.2,76,19.2,9,2.3,5,1.3,11,2.8,7,1.8,27,6.8
2009,96093,494,414,83.8,248,50.2,166,33.6,33,6.7,11,2.2,12,2.4,13,2.6,11,2.2
2009,96094,987,789,79.9,442,44.8,347,35.2,71,7.2,22,2.2,50,5.1,41,4.2,14,1.4
2009,96095,1427,1281,89.8,1028,72,253,17.7,48,3.4,18,1.3,17,1.2,7,0.5,16,1.1
2009,96098,212,131,61.8,60,28.3,71,33.5,47,22.2,8,3.8,0,0,7,3.3,19,9
2009,96099,127,85,66.9,34,26.8,51,40.2,24,18.9,0,0,6,4.7,0,0,6,4.7
2009,96101,71,63,88.7,52,73.2,11,15.5,0,0,0,0,0,0,0,0,0,0
2009,96102,186,174,93.5,150,80.6,24,12.9,7,3.8,0,0,0,0,0,0,0,0
2009,96103,93,42,45.2,16,17.2,26,28,34,36.6,0,0,0,0,13,14,0,0
2009,96104,153,100,65.4,64,41.8,36,23.5,5,3.3,0,0,7,4.6,0,0,35,22.9
2009,96106,283,257,90.8,233,82.3,24,8.5,21,7.4,0,0,0,0,0,0,0,0
2009,96107,71,43,60.6,20,28.2,23,32.4,8,11.3,0,0,7,9.9,0,0,7,9.9
2009,96109,164,99,60.4,47,28.7,52,31.7,28,17.1,0,0,27,16.5,0,0,0,0
2009,96110,382,174,45.5,81,21.2,93,24.3,96,25.1,10,2.6,14,3.7,17,4.5,68,17.8
2009,96111,287,124,43.2,84,29.3,40,13.9,44,15.3,0,0,34,11.8,7,2.4,75,26.1
2009,96112,216,182,84.3,132,61.1,50,23.1,11,5.1,0,0,0,0,0,0,15,6.9
2009,96113,56,36,64.3,14,25,22,39.3,13,23.2,0,0,0,0,0,0,0,0
2009,96114,322,289,89.8,202,62.7,87,27,18,5.6,0,0,0,0,5,1.6,0,0
2009,96119,375,170,45.3,48,12.8,122,32.5,84,22.4,8,2.1,8,2.1,99,26.4,6,1.6
2009,115115,1690,1006,59.5,576,34.1,430,25.4,186,11,31,1.8,57,3.4,89,5.3,270,16
2009,115906,0,0,0,0,0,0,0,0,0,0,0,0,0,0,0,0,0
2010,96088,1380,1352,98,848,61.4,504,36.5,19,1.4,5,0.4,0,0,0,0,10,0.7
2010,96089,983,716,72.8,388,39.5,328,33.4,64,6.5,45,4.6,39,4,19,1.9,104,10.6
2010,96090,416,261,62.7,134,32.2,127,30.5,59,14.2,10,2.4,0,0,19,4.6,65,15.6
2010,96091,1719,1453,84.5,1080,62.8,373,21.7,60,3.5,14,0.8,28,1.6,15,0.9,149,8.7
2010,96092,435,356,81.8,270,62.1,86,19.8,26,6,7,1.6,11,2.5,12,2.8,23,5.3
2010,96093,475,327,68.8,213,44.8,114,24,33,6.9,13,2.7,0,0,19,4,80,16.8
2010,96094,853,644,75.5,333,39,311,36.5,95,11.1,12,1.4,21,2.5,48,5.6,34,4
2010,96095,1428,1270,88.9,1051,73.6,219,15.3,45,3.2,20,1.4,13,0.9,42,2.9,28,2
2010,96098,224,144,64.3,57,25.4,87,38.8,37,16.5,0,0,0,0,7,3.1,34,15.2
2010,96099,120,82,68.3,22,18.3,60,50,25,20.8,0,0,5,4.2,5,4.2,0,0
2010,96101,67,58,86.6,42,62.7,16,23.9,5,7.5,0,0,0,0,0,0,0,0
2010,96102,231,219,94.8,204,88.3,15,6.5,0,0,0,0,0,0,0,0,5,2.2
2010,96103,119,75,63,11,9.2,64,53.8,30,25.2,0,0,0,0,5,4.2,5,4.2
2010,96104,183,94,51.4,48,26.2,46,25.1,12,6.6,0,0,0,0,0,0,75,41
2010,96106,303,287,94.7,264,87.1,23,7.6,15,5,0,0,0,0,0,0,0,0
2010,96107,90,63,70,37,41.1,26,28.9,18,20,0,0,0,0,7,7.8,0,0
2010,96109,187,78,41.7,37,19.8,41,21.9,13,7,0,0,5,2.7,29,15.5,57,30.5
2010,96110,332,164,49.4,87,26.2,77,23.2,58,17.5,13,3.9,14,4.2,12,3.6,68,20.5
2010,96111,343,182,53.1,108,31.5,74,21.6,41,12,7,2,21,6.1,13,3.8,78,22.7
2010,96112,224,171,76.3,106,47.3,65,29,13,5.8,5,2.2,0,0,0,0,36,16.1
2010,96113,68,45,66.2,19,27.9,26,38.2,9,13.2,0,0,5,7.4,5,7.4,0,0
2010,96114,342,297,86.8,188,55,109,31.9,24,7,10,2.9,7,2,0,0,0,0
2010,96119,318,153,48.1,49,15.4,104,32.7,59,18.6,10,3.1,11,3.5,74,23.3,11,3.5
2010,115115,1684,983,58.4,554,32.9,429,25.5,196,11.6,42,2.5,44,2.6,57,3.4,362,21.5
2010,115906,0,0,0,0,0,0,0,0,0,0,0,0,0,0,0,0,0
2010,115914,0,0,0,0,0,0,0,0,0,0,0,0,0,0,0,0,0
2011,96088,1366,1103,80.7,415,30.4,688,50.4,5,0.4,0,0,5,0.4,0,0,257,18.8
2011,96089,812,712,87.7,182,22.4,530,65.3,28,3.4,31,3.8,21,2.6,17,2.1,5,0.6
2011,96090,374,261,69.8,127,34,134,35.8,26,7,0,0,0,0,0,0,75,20.1
2011,96091,1838,1629,88.6,1153,62.7,476,25.9,41,2.2,15,0.8,0,0,33,1.8,117,6.4
2011,96092,424,356,84,255,60.1,101,23.8,26,6.1,5,1.2,9,2.1,12,2.8,16,3.8
2011,96093,444,404,91,225,50.7,179,40.3,6,1.4,0,0,0,0,10,2.3,19,4.3
2011,96094,925,785,84.9,383,41.4,402,43.5,96,10.4,15,1.6,0,0,23,2.5,6,0.6
2011,96095,1500,1330,88.7,1071,71.4,259,17.3,43,2.9,14,0.9,14,0.9,31,2.1,55,3.7
2011,96098,187,134,71.7,55,29.4,79,42.2,11,5.9,0,0,21,11.2,17,9.1,0,0
2011,96099,156,129,82.7,36,23.1,93,59.6,15,9.6,0,0,0,0,7,4.5,0,0
2011,96101,69,58,84.1,48,69.6,10,14.5,6,8.7,0,0,0,0,0,0,0,0
2011,96102,205,197,96.1,184,89.8,13,6.3,0,0,0,0,0,0,0,0,5,2.4
2011,96103,125,66,52.8,19,15.2,47,37.6,6,4.8,0,0,0,0,35,28,15,12
2011,96104,200,104,52,60,30,44,22,10,5,10,5,10,5,35,17.5,31,15.5
2011,96106,307,281,91.5,256,83.4,25,8.1,17,5.5,5,1.6,0,0,0,0,0,0
2011,96107,72,43,59.7,26,36.1,17,23.6,7,9.7,0,0,11,15.3,6,8.3,0,0
2011,96109,220,129,58.6,51,23.2,78,35.5,48,21.8,5,2.3,0,0,37,16.8,0,0
2011,96110,407,283,69.5,52,12.8,231,56.8,20,4.9,12,2.9,0,0,5,1.2,87,21.4
2011,96111,354,170,48,71,20.1,99,28,26,7.3,0,0,17,4.8,16,4.5,125,35.3
2011,96112,227,195,85.9,85,37.4,110,48.5,6,2.6,0,0,0,0,0,0,20,8.8
2011,96113,57,37,64.9,16,28.1,21,36.8,5,8.8,0,0,0,0,10,17.5,0,0
2011,96114,353,303,85.8,206,58.4,97,27.5,24,6.8,7,2,0,0,14,4,0,0
2011,96119,285,152,53.3,52,18.2,100,35.1,37,13,11,3.9,7,2.5,63,22.1,15,5.3
2011,115115,1794,1116,62.2,547,30.5,569,31.7,180,10,20,1.1,32,1.8,69,3.8,377,21
2011,115906,0,0,0,0,0,0,0,0,0,0,0,0,0,0,0,0,0
2011,115914,0,0,0,0,0,0,0,0,0,0,0,0,0,0,0,0,0
2012,96088,1374,1275,92.8,500,36.4,775,56.4,79,5.7,11,0.8,0,0,0,0,7,0.5
2012,96089,848,546,64.4,263,31,283,33.4,26,3.1,34,4,20,2.4,6,0.7,216,25.5
2012,96090,415,298,71.8,154,37.1,144,34.7,25,6,0,0,0,0,5,1.2,80,19.3
2012,96091,1798,1571,87.4,1127,62.7,444,24.7,41,2.3,15,0.8,20,1.1,45,2.5,106,5.9
2012,96092,390,361,92.6,265,67.9,96,24.6,8,2.1,5,1.3,6,1.5,0,0,7,1.8
2012,96093,447,410,91.7,204,45.6,206,46.1,14,3.1,15,3.4,0,0,0,0,7,1.6
2012,96094,903,784,86.8,378,41.9,406,45,78,8.6,21,2.3,0,0,15,1.7,0,0
2012,96095,1443,1295,89.7,931,64.5,364,25.2,59,4.1,21,1.5,23,1.6,15,1,29,2
2012,96098,205,157,76.6,75,36.6,82,40,31,15.1,0,0,5,2.4,10,4.9,0,0
2012,96099,110,93,84.5,21,19.1,72,65.5,14,12.7,0,0,0,0,0,0,0,0
2012,96101,72,65,90.3,49,68.1,16,22.2,0,0,0,0,0,0,0,0,0,0
2012,96102,198,187,94.4,163,82.3,24,12.1,0,0,0,0,0,0,0,0,5,2.5
2012,96103,116,75,64.7,27,23.3,48,41.4,20,17.2,6,5.2,0,0,7,6,7,6
2012,96104,231,142,61.5,55,23.8,87,37.7,15,6.5,0,0,0,0,30,13,40,17.3
2012,96106,297,270,90.9,247,83.2,23,7.7,12,4,0,0,0,0,6,2,8,2.7
2012,96107,87,63,72.4,31,35.6,32,36.8,5,5.7,0,0,0,0,5,5.7,6,6.9
2012,96109,248,172,69.4,73,29.4,99,39.9,40,16.1,11,4.4,17,6.9,0,0,7,2.8
2012,96110,384,268,69.8,94,24.5,174,45.3,33,8.6,8,2.1,0,0,8,2.1,63,16.4
2012,96111,349,233,66.8,88,25.2,145,41.5,43,12.3,6,1.7,26,7.4,9,2.6,32,9.2
2012,96112,234,192,82.1,110,47,82,35,10,4.3,0,0,0,0,0,0,26,11.1
2012,96113,58,44,75.9,18,31,26,44.8,8,13.8,0,0,0,0,0,0,0,0
2012,96114,327,300,91.7,217,66.4,83,25.4,11,3.4,5,1.5,0,0,0,0,9,2.8
2012,96119,315,184,58.4,75,23.8,109,34.6,38,12.1,6,1.9,0,0,72,22.9,10,3.2
2012,115115,1870,1241,66.4,504,27,737,39.4,165,8.8,26,1.4,50,2.7,75,4,295,15.8
2012,115906,0,0,0,0,0,0,0,0,0,0,0,0,0,0,0,0,0
2012,115914,0,0,0,0,0,0,0,0,0,0,0,0,0,0,0,0,0
2013,96088,1259,987,78.4,451,35.8,536,42.6,105,8.3,39,3.1,0,0,5,0.4,110,8.7
2013,96089,875,532,60.8,251,28.7,281,32.1,34,3.9,41,4.7,25,2.9,11,1.3,244,27.9
2013,96090,375,278,74.1,176,46.9,102,27.2,27,7.2,6,1.6,0,0,7,1.9,52,13.9
2013,96091,1787,1553,86.9,1138,63.7,415,23.2,72,4,20,1.1,16,0.9,40,2.2,86,4.8
2013,96092,415,380,91.6,274,66,106,25.5,12,2.9,9,2.2,0,0,0,0,9,2.2
2013,96093,475,442,93.1,268,56.4,174,36.6,0,0,5,1.1,9,1.9,5,1.1,11,2.3
2013,96094,881,745,84.6,364,41.3,381,43.2,62,7,16,1.8,0,0,46,5.2,0,0
2013,96095,1513,1339,88.5,1018,67.3,321,21.2,54,3.6,24,1.6,21,1.4,24,1.6,39,2.6
2013,96098,189,131,69.3,67,35.4,64,33.9,36,19,0,0,5,2.6,14,7.4,0,0
2013,96099,129,94,72.9,26,20.2,68,52.7,23,17.8,0,0,0,0,8,6.2,0,0
2013,96101,63,53,84.1,33,52.4,20,31.7,0,0,0,0,0,0,0,0,0,0
2013,96102,242,227,93.8,197,81.4,30,12.4,12,5,0,0,0,0,0,0,0,0
2013,96103,102,55,53.9,13,12.7,42,41.2,34,33.3,8,7.8,0,0,0,0,0,0
2013,96104,220,142,64.5,44,20,98,44.5,45,20.5,0,0,0,0,24,10.9,0,0
2013,96106,269,254,94.4,227,84.4,27,10,7,2.6,0,0,0,0,0,0,0,0
2013,96107,82,56,68.3,29,35.4,27,32.9,0,0,0,0,6,7.3,11,13.4,6,7.3
2013,96109,223,100,44.8,43,19.3,57,25.6,67,30,6,2.7,21,9.4,14,6.3,13,5.8
2013,96110,348,198,56.9,91,26.1,107,30.7,72,20.7,21,6,7,2,27,7.8,23,6.6
2013,96111,303,169,55.8,74,24.4,95,31.4,77,25.4,5,1.7,24,7.9,0,0,27,8.9
2013,96112,236,200,84.7,133,56.4,67,28.4,0,0,6,2.5,0,0,0,0,26,11
2013,96113,67,50,74.6,23,34.3,27,40.3,10,14.9,0,0,0,0,0,0,0,0
2013,96114,314,278,88.5,211,67.2,67,21.3,13,4.1,0,0,0,0,0,0,14,4.5
2013,96119,304,149,49,46,15.1,103,33.9,59,19.4,8,2.6,5,1.6,76,25,7,2.3
2013,115115,1776,1166,65.7,518,29.2,648,36.5,263,14.8,12,0.7,0,0,216,12.2,119,6.7
2013,115906,87,79,90.8,45,51.7,34,39.1,0,0,0,0,0,0,7,8,0,0
2013,115914,0,0,0,0,0,0,0,0,0,0,0,0,0,0,0,0,0
2014,96088,1319,899,68.2,432,32.8,467,35.4,208,15.8,55,4.2,9,0.7,0,0,145,11
2014,96089,820,497,60.6,246,30,251,30.6,102,12.4,31,3.8,27,3.3,32,3.9,130,15.9
2014,96090,383,303,79.1,150,39.2,153,39.9,27,7,15,3.9,9,2.3,0,0,26,6.8
2014,96091,1856,1647,88.7,1232,66.4,415,22.4,91,4.9,31,1.7,19,1,56,3,12,0.6
2014,96092,428,379,88.6,277,64.7,102,23.8,34,7.9,6,1.4,0,0,6,1.4,0,0
2014,96093,473,400,84.6,278,58.8,122,25.8,30,6.3,19,4,0,0,10,2.1,10,2.1
2014,96094,867,758,87.4,370,42.7,388,44.8,58,6.7,23,2.7,0,0,15,1.7,0,0
2014,96095,1469,1300,88.5,997,67.9,303,20.6,64,4.4,29,2,9,0.6,19,1.3,30,2
2014,96098,207,138,66.7,79,38.2,59,28.5,39,18.8,9,4.3,6,2.9,15,7.2,0,0
2014,96099,121,93,76.9,40,33.1,53,43.8,22,18.2,0,0,0,0,5,4.1,0,0
2014,96101,60,54,90,40,66.7,14,23.3,0,0,0,0,0,0,0,0,0,0
2014,96102,208,197,94.7,175,84.1,22,10.6,0,0,5,2.4,0,0,0,0,0,0
2014,96103,111,68,61.3,32,28.8,36,32.4,29,26.1,0,0,0,0,10,9,0,0
2014,96104,122,75,61.5,30,24.6,45,36.9,17,13.9,5,4.1,10,8.2,6,4.9,9,7.4
2014,96106,321,291,90.7,260,81,31,9.7,20,6.2,0,0,0,0,0,0,0,0
2014,96107,70,50,71.4,27,38.6,23,32.9,8,11.4,0,0,0,0,5,7.1,0,0
2014,96109,175,84,48,39,22.3,45,25.7,0,0,0,0,0,0,0,0,78,44.6
2014,96110,371,231,62.3,101,27.2,130,35,64,17.3,9,2.4,6,1.6,19,5.1,42,11.3
2014,96111,251,126,50.2,42,16.7,84,33.5,63,25.1,5,2,47,18.7,0,0,10,4
2014,96112,210,171,81.4,107,51,64,30.5,12,5.7,0,0,7,3.3,16,7.6,0,0
2014,96113,77,54,70.1,24,31.2,30,39,11,14.3,0,0,0,0,0,0,0,0
2014,96114,315,278,88.3,199,63.2,79,25.1,24,7.6,0,0,0,0,0,0,9,2.9
2014,96119,303,151,49.8,52,17.2,99,32.7,41,13.5,15,5,0,0,77,25.4,15,5
2014,115115,1712,1096,64,517,30.2,579,33.8,230,13.4,28,1.6,30,1.8,94,5.5,234,13.7
2014,115906,89,62,69.7,30,33.7,32,36,0,0,0,0,0,0,24,27,0,0
2014,115914,0,0,0,0,0,0,0,0,0,0,0,0,0,0,0,0,0
2015,96088,1187,769,64.8,420,35.4,349,29.4,220,18.5,15,1.3,33,2.8,62,5.2,88,7.4
2015,96089,746,457,61.3,254,34,203,27.2,124,16.6,41,5.5,18,2.4,7,0.9,99,13.3
2015,96090,419,323,77.1,168,40.1,155,37,38,9.1,19,4.5,0,0,5,1.2,29,6.9
2015,96091,1829,1601,87.5,1244,68,357,19.5,90,4.9,27,1.5,48,2.6,46,2.5,16,0.9
2015,96092,451,414,91.8,326,72.3,88,19.5,13,2.9,7,1.6,5,1.1,8,1.8,0,0
2015,96093,471,413,87.7,259,55,154,32.7,0,0,5,1.1,10,2.1,38,8.1,5,1.1
2015,96094,935,765,81.8,445,47.6,320,34.2,110,11.8,17,1.8,14,1.5,13,1.4,16,1.7
2015,96095,1422,1278,89.9,959,67.4,319,22.4,52,3.7,17,1.2,7,0.5,16,1.1,37,2.6
2015,96098,215,184,85.6,77,35.8,107,49.8,16,7.4,7,3.3,0,0,5,2.3,0,0
2015,96099,143,95,66.4,39,27.3,56,39.2,31,21.7,0,0,0,0,10,7,0,0
2015,96101,60,55,91.7,40,66.7,15,25,0,0,0,0,0,0,0,0,0,0
2015,96102,204,193,94.6,176,86.3,17,8.3,0,0,0,0,0,0,5,2.5,0,0
2015,96103,109,60,55,21,19.3,39,35.8,37,33.9,0,0,0,0,6,5.5,0,0
2015,96104,163,92,56.4,46,28.2,46,28.2,35,21.5,6,3.7,0,0,18,11,8,4.9
2015,96106,325,300,92.3,267,82.2,33,10.2,13,4,0,0,0,0,0,0,6,1.8
2015,96107,84,63,75,35,41.7,28,33.3,11,13.1,0,0,0,0,0,0,7,8.3
2015,96109,125,60,48,38,30.4,22,17.6,58,46.4,0,0,0,0,0,0,0,0
2015,96110,389,207,53.2,82,21.1,125,32.1,112,28.8,16,4.1,19,4.9,7,1.8,28,7.2
2015,96111,216,92,42.6,47,21.8,45,20.8,95,44,6,2.8,22,10.2,0,0,0,0
2015,96112,164,126,76.8,70,42.7,56,34.1,23,14,0,0,0,0,0,0,8,4.9
2015,96113,63,47,74.6,25,39.7,22,34.9,11,17.5,0,0,0,0,0,0,0,0
2015,96114,306,282,92.2,190,62.1,92,30.1,14,4.6,0,0,0,0,5,1.6,0,0
2015,96119,302,148,49,64,21.2,84,27.8,44,14.6,7,2.3,0,0,86,28.5,15,5
2015,115115,1576,927,58.8,505,32,422,26.8,266,16.9,41,2.6,56,3.6,100,6.3,186,11.8
2015,115906,78,50,64.1,27,34.6,23,29.5,8,10.3,0,0,5,6.4,0,0,13,16.7
2015,115914,0,0,0,0,0,0,0,0,0,0,0,0,0,0,0,0,0
2016,96088,1236,882,71.4,421,34.1,461,37.3,205,16.6,48,3.9,19,1.5,31,2.5,51,4.1
2016,96089,685,427,62.3,239,34.9,188,27.4,108,15.8,52,7.6,18,2.6,32,4.7,29,4.2
2016,96090,404,306,75.7,162,40.1,144,35.6,57,14.1,10,2.5,5,1.2,11,2.7,15,3.7
2016,96091,1841,1630,88.5,1336,72.6,294,16,70,3.8,43,2.3,23,1.2,50,2.7,23,1.2
2016,96092,425,380,89.4,272,64,108,25.4,21,4.9,7,1.6,5,1.2,0,0,8,1.9
2016,96093,513,420,81.9,281,54.8,139,27.1,59,11.5,9,1.8,9,1.8,13,2.5,0,0
2016,96094,805,667,82.9,399,49.6,268,33.3,46,5.7,27,3.4,31,3.9,34,4.2,0,0
2016,96095,1368,1206,88.2,902,65.9,304,22.2,38,2.8,21,1.5,7,0.5,18,1.3,32,2.3
2016,96098,183,133,72.7,76,41.5,57,31.1,43,23.5,0,0,0,0,0,0,0,0
2016,96099,116,77,66.4,39,33.6,38,32.8,31,26.7,6,5.2,0,0,0,0,0,0
2016,96101,58,53,91.4,41,70.7,12,20.7,0,0,0,0,0,0,0,0,0,0
2016,96102,217,206,94.9,182,83.9,24,11.1,0,0,0,0,0,0,7,3.2,0,0
2016,96103,92,45,48.9,28,30.4,17,18.5,39,42.4,0,0,0,0,0,0,0,0
2016,96104,132,72,54.5,32,24.2,40,30.3,50,37.9,0,0,6,4.5,0,0,0,0
2016,96106,306,278,90.8,250,81.7,28,9.2,15,4.9,0,0,0,0,6,2,0,0
2016,96107,89,59,66.3,38,42.7,21,23.6,11,12.4,0,0,0,0,11,12.4,7,7.9
2016,96109,143,47,32.9,30,21,17,11.9,75,52.4,5,3.5,0,0,7,4.9,7,4.9
2016,96110,397,213,53.7,101,25.4,112,28.2,94,23.7,17,4.3,21,5.3,0,0,47,11.8
2016,96111,216,80,37,48,22.2,32,14.8,126,58.3,5,2.3,0,0,0,0,0,0
2016,96112,197,140,71.1,90,45.7,50,25.4,27,13.7,0,0,0,0,14,7.1,11,5.6
2016,96113,66,50,75.8,31,47,19,28.8,10,15.2,0,0,0,0,0,0,0,0
2016,96114,308,281,91.2,206,66.9,75,24.4,16,5.2,0,0,5,1.6,0,0,0,0
2016,96119,282,139,49.3,54,19.1,85,30.1,42,14.9,10,3.5,0,0,64,22.7,26,9.2
2016,115115,1582,900,56.9,539,34.1,361,22.8,325,20.5,51,3.2,61,3.9,119,7.5,48,3
2016,115906,54,30,55.6,17,31.5,13,24.1,0,0,0,0,0,0,20,37,0,0
2016,115914,0,0,0,0,0,0,0,0,0,0,0,0,0,0,0,0,0
2017,96088,1311,889,67.8,443,33.8,446,34,259,19.8,50,3.8,24,1.8,39,3,50,3.8
2017,96089,728,498,68.4,264,36.3,234,32.1,124,17,28,3.8,12,1.6,25,3.4,41,5.6
2017,96090,396,299,75.5,193,48.7,106,26.8,52,13.1,13,3.3,0,0,0,0,25,6.3
2017,96091,1809,1610,89,1231,68,379,21,91,5,23,1.3,19,1.1,53,2.9,13,0.7
2017,96092,447,395,88.4,303,67.8,92,20.6,20,4.5,13,2.9,0,0,11,2.5,7,1.6
2017,96093,482,390,80.9,263,54.6,127,26.3,62,12.9,14,2.9,5,1,11,2.3,0,0
2017,96094,827,676,81.7,393,47.5,283,34.2,97,11.7,18,2.2,15,1.8,21,2.5,0,0
2017,96095,1337,1194,89.3,918,68.7,276,20.6,58,4.3,16,1.2,9,0.7,13,1,47,3.5
2017,96098,187,135,72.2,80,42.8,55,29.4,39,20.9,0,0,0,0,8,4.3,0,0
2017,96099,107,76,71,28,26.2,48,44.9,23,21.5,0,0,0,0,0,0,0,0
2017,96101,65,56,86.2,38,58.5,18,27.7,0,0,0,0,0,0,0,0,0,0
2017,96102,223,211,94.6,189,84.8,22,9.9,0,0,0,0,0,0,6,2.7,0,0
2017,96103,73,40,54.8,17,23.3,23,31.5,29,39.7,0,0,0,0,0,0,0,0
2017,96104,158,68,43,36,22.8,32,20.3,74,46.8,5,3.2,0,0,6,3.8,5,3.2
2017,96106,316,291,92.1,255,80.7,36,11.4,12,3.8,0,0,0,0,0,0,0,0
2017,96107,78,47,60.3,31,39.7,16,20.5,22,28.2,0,0,0,0,0,0,0,0
2017,96109,161,44,27.3,22,13.7,22,13.7,115,71.4,0,0,0,0,0,0,0,0
2017,96110,380,180,47.4,97,25.5,83,21.8,118,31.1,24,6.3,32,8.4,0,0,23,6.1
2017,96111,208,78,37.5,34,16.3,44,21.2,115,55.3,0,0,9,4.3,0,0,0,0
2017,96112,208,144,69.2,76,36.5,68,32.7,37,17.8,7,3.4,5,2.4,0,0,12,5.8
2017,96113,65,51,78.5,30,46.2,21,32.3,11,16.9,0,0,0,0,0,0,0,0
2017,96114,306,275,89.9,213,69.6,62,20.3,21,6.9,5,1.6,0,0,0,0,5,1.6
2017,96119,276,108,39.1,49,17.8,59,21.4,67,24.3,6,2.2,0,0,9,3.3,84,30.4
2017,115115,1484,888,59.8,483,32.5,405,27.3,296,19.9,42,2.8,84,5.7,103,6.9,71,4.8
2017,115906,110,55,50,36,32.7,19,17.3,50,45.5,0,0,0,0,0,0,0,0
2017,115914,0,0,0,0,0,0,0,0,0,0,0,0,0,0,0,0,0
2018,96088,1231,807,65.6,414,33.6,393,31.9,185,15,45,3.7,18,1.5,106,8.6,70,5.7
2018,96089,807,511,63.3,246,30.5,265,32.8,188,23.3,21,2.6,26,3.2,39,4.8,22,2.7
2018,96090,396,305,77,186,47,119,30.1,36,9.1,15,3.8,0,0,0,0,33,8.3
2018,96091,1837,1662,90.5,1365,74.3,297,16.2,84,4.6,18,1,22,1.2,35,1.9,16,0.9
2018,96092,463,400,86.4,319,68.9,81,17.5,26,5.6,9,1.9,11,2.4,13,2.8,0,0
2018,96093,497,415,83.5,302,60.8,113,22.7,51,10.3,11,2.2,7,1.4,13,2.6,0,0
2018,96094,801,619,77.3,356,44.4,263,32.8,106,13.2,17,2.1,11,1.4,48,6,0,0
2018,96095,1312,1165,88.8,885,67.5,280,21.3,46,3.5,20,1.5,9,0.7,21,1.6,51,3.9
2018,96098,203,144,70.9,96,47.3,48,23.6,43,21.2,5,2.5,0,0,8,3.9,0,0
2018,96099,117,75,64.1,37,31.6,38,32.5,19,16.2,0,0,12,10.3,0,0,6,5.1
2018,96101,53,42,79.2,32,60.4,10,18.9,7,13.2,0,0,0,0,0,0,0,0
2018,96102,212,202,95.3,179,84.4,23,10.8,0,0,0,0,0,0,7,3.3,0,0
2018,96103,100,53,53,23,23,30,30,38,38,5,5,0,0,0,0,0,0
2018,96104,161,74,46,49,30.4,25,15.5,72,44.7,0,0,0,0,8,5,0,0
2018,96106,300,271,90.3,245,81.7,26,8.7,11,3.7,0,0,0,0,0,0,11,3.7
2018,96107,79,54,68.4,41,51.9,13,16.5,16,20.3,0,0,0,0,6,7.6,0,0
2018,96109,131,50,38.2,28,21.4,22,16.8,75,57.3,0,0,0,0,0,0,0,0
2018,96110,408,193,47.3,94,23,99,24.3,124,30.4,19,4.7,32,7.8,0,0,38,9.3
2018,96111,193,59,30.6,25,13,34,17.6,124,64.2,0,0,0,0,0,0,0,0
2018,96112,182,120,65.9,69,37.9,51,28,38,20.9,0,0,6,3.3,9,4.9,8,4.4
2018,96113,60,41,68.3,21,35,20,33.3,15,25,0,0,0,0,0,0,0,0
2018,96114,323,287,88.9,223,69,64,19.8,17,5.3,7,2.2,0,0,0,0,7,2.2
2018,96119,210,67,31.9,27,12.9,40,19,61,29,5,2.4,0,0,40,19,34,16.2
2018,115115,1436,855,59.5,499,34.7,356,24.8,397,27.6,53,3.7,27,1.9,85,5.9,19,1.3
2018,115906,80,42,52.5,28,35,14,17.5,34,42.5,0,0,0,0,0,0,0,0
2018,115914,0,0,0,0,0,0,0,0,0,0,0,0,0,0,0,0,0
2019,96088,1169,747,63.9,414,35.4,333,28.5,143,12.2,33,2.8,9,0.8,125,10.7,112,9.6
2019,96089,802,428,53.4,232,28.9,196,24.4,250,31.2,39,4.9,36,4.5,40,5,9,1.1
2019,96090,404,293,72.5,170,42.1,123,30.4,51,12.6,18,4.5,0,0,22,5.4,20,5
2019,96091,1817,1610,88.6,1303,71.7,307,16.9,71,3.9,30,1.7,34,1.9,60,3.3,12,0.7
2019,96092,429,384,89.5,332,77.4,52,12.1,13,3,0,0,9,2.1,18,4.2,0,0
2019,96093,491,399,81.3,268,54.6,131,26.7,65,13.2,12,2.4,10,2,5,1,0,0
2019,96094,824,630,76.5,384,46.6,246,29.9,129,15.7,26,3.2,15,1.8,12,1.5,10,1.2
2019,96095,1360,1229,90.4,926,68.1,303,22.3,46,3.4,19,1.4,7,0.5,20,1.5,39,2.9
2019,96098,180,129,71.7,85,47.2,44,24.4,37,20.6,5,2.8,0,0,0,0,5,2.8
2019,96099,96,79,82.3,50,52.1,29,30.2,0,0,0,0,0,0,0,0,10,10.4
2019,96101,53,44,83,30,56.6,14,26.4,0,0,0,0,0,0,0,0,0,0
2019,96102,215,197,91.6,174,80.9,23,10.7,0,0,0,0,0,0,12,5.6,0,0
2019,96103,91,41,45.1,23,25.3,18,19.8,42,46.2,5,5.5,0,0,0,0,0,0
2019,96104,157,76,48.4,53,33.8,23,14.6,68,43.3,8,5.1,5,3.2,0,0,0,0
2019,96106,320,301,94.1,282,88.1,19,5.9,9,2.8,0,0,5,1.6,0,0,0,0
2019,96107,71,48,67.6,32,45.1,16,22.5,13,18.3,0,0,0,0,0,0,5,7
2019,96109,117,29,24.8,17,14.5,12,10.3,85,72.6,0,0,0,0,0,0,0,0
2019,96110,400,208,52,87,21.8,121,30.3,117,29.3,14,3.5,28,7,12,3,21,5.3
2019,96111,231,75,32.5,33,14.3,42,18.2,130,56.3,6,2.6,16,6.9,0,0,0,0
2019,96112,184,119,64.7,64,34.8,55,29.9,21,11.4,7,3.8,8,4.3,5,2.7,24,13
2019,96113,63,40,63.5,23,36.5,17,27,13,20.6,0,0,0,0,0,0,0,0
2019,96114,348,314,90.2,257,73.9,57,16.4,23,6.6,0,0,0,0,5,1.4,0,0
2019,96119,193,55,28.5,28,14.5,27,14,62,32.1,0,0,5,2.6,43,22.3,24,12.4
2019,115115,1509,909,60.2,567,37.6,342,22.7,354,23.5,34,2.3,57,3.8,94,6.2,61,4
2019,115906,100,47,47,27,27,20,20,49,49,0,0,0,0,0,0,0,0
2019,115914,0,0,0,0,0,0,0,0,0,0,0,0,0,0,0,0,0
2020,96088,1146,735,64.1,381,33.2,354,30.9,120,10.5,45,3.9,20,1.7,94,8.2,132,11.5
2020,96089,748,353,47.2,198,26.5,155,20.7,202,27,31,4.1,28,3.7,99,13.2,36,4.8
2020,96090,376,299,79.5,162,43.1,137,36.4,40,10.6,6,1.6,15,4,5,1.3,10,2.7
2020,96091,1704,1519,89.1,1250,73.4,269,15.8,96,5.6,36,2.1,31,1.8,12,0.7,10,0.6
2020,96092,417,362,86.8,282,67.6,80,19.2,30,7.2,0,0,7,1.7,11,2.6,0,0
2020,96093,539,427,79.2,315,58.4,112,20.8,68,12.6,22,4.1,0,0,18,3.3,0,0
2020,96094,770,550,71.4,311,40.4,239,31,142,18.4,22,2.9,12,1.6,21,2.7,23,3
2020,96095,1319,1163,88.2,895,67.9,268,20.3,44,3.3,16,1.2,7,0.5,25,1.9,61,4.6
2020,96098,190,132,69.5,85,44.7,47,24.7,44,23.2,8,4.2,0,0,5,2.6,0,0
2020,96099,120,71,59.2,37,30.8,34,28.3,31,25.8,6,5,0,0,9,7.5,0,0
2020,96101,66,56,84.8,44,66.7,12,18.2,9,13.6,0,0,0,0,0,0,0,0
2020,96102,206,183,88.8,158,76.7,25,12.1,0,0,0,0,0,0,12,5.8,5,2.4
2020,96103,96,49,51,24,25,25,26,42,43.8,0,0,0,0,0,0,0,0
2020,96104,172,77,44.8,51,29.7,26,15.1,91,52.9,0,0,0,0,0,0,0,0
2020,96106,357,330,92.4,287,80.4,43,12,5,1.4,0,0,0,0,0,0,18,5
2020,96107,75,56,74.7,39,52,17,22.7,9,12,0,0,0,0,0,0,0,0
2020,96109,130,46,35.4,31,23.8,15,11.5,83,63.8,0,0,0,0,0,0,0,0
2020,96110,358,174,48.6,83,23.2,91,25.4,108,30.2,22,6.1,22,6.1,5,1.4,27,7.5
2020,96111,236,64,27.1,27,11.4,37,15.7,147,62.3,6,2.5,6,2.5,0,0,13,5.5
2020,96112,179,100,55.9,59,33,41,22.9,40,22.3,5,2.8,6,3.4,0,0,25,14
2020,96113,79,54,68.4,32,40.5,22,27.8,16,20.3,0,0,0,0,5,6.3,0,0
2020,96114,348,312,89.7,247,71,65,18.7,23,6.6,5,1.4,0,0,7,2,0,0
2020,96119,222,64,28.8,21,9.5,43,19.4,59,26.6,0,0,10,4.5,64,28.8,21,9.5
2020,115115,1275,751,58.9,408,32,343,26.9,376,29.5,36,2.8,27,2.1,23,1.8,62,4.9
2020,115906,189,100,52.9,57,30.2,43,22.8,87,46,0,0,0,0,0,0,0,0
2020,115914,0,0,0,0,0,0,0,0,0,0,0,0,0,0,0,0,0
2021,96088,1036,529,51.1,288,27.8,241,23.3,34,3.3,15,1.4,24,2.3,48,4.6,386,37.3
2021,96089,736,296,40.2,184,25,112,15.2,233,31.7,17,2.3,23,3.1,101,13.7,66,9
2021,96090,428,299,69.9,184,43,115,26.9,45,10.5,24,5.6,12,2.8,0,0,44,10.3
2021,96091,1810,1569,86.7,1271,70.2,298,16.5,105,5.8,31,1.7,53,2.9,18,1,34,1.9
2021,96092,422,371,87.9,298,70.6,73,17.3,22,5.2,0,0,13,3.1,11,2.6,0,0
2021,96093,528,421,79.7,271,51.3,150,28.4,65,12.3,13,2.5,8,1.5,21,4,0,0
2021,96094,762,535,70.2,314,41.2,221,29,146,19.2,11,1.4,12,1.6,33,4.3,30,3.9
2021,96095,1324,1146,86.6,860,65,286,21.6,61,4.6,16,1.2,13,1,21,1.6,68,5.1
2021,96098,197,112,56.9,64,32.5,48,24.4,58,29.4,10,5.1,0,0,13,6.6,0,0
2021,96099,123,96,78,60,48.8,36,29.3,10,8.1,0,0,0,0,9,7.3,5,4.1
2021,96101,58,44,75.9,27,46.6,17,29.3,10,17.2,0,0,0,0,0,0,0,0
2021,96102,228,210,92.1,186,81.6,24,10.5,0,0,0,0,0,0,0,0,13,5.7
2021,96103,91,39,42.9,19,20.9,20,22,43,47.3,0,0,0,0,5,5.5,0,0
2021,96104,177,52,29.4,37,20.9,15,8.5,112,63.3,6,3.4,0,0,7,4,0,0
2021,96106,285,259,90.9,231,81.1,28,9.8,0,0,0,0,0,0,8,2.8,9,3.2
2021,96107,85,60,70.6,49,57.6,11,12.9,12,14.1,0,0,0,0,12,14.1,0,0
2021,96109,129,30,23.3,21,16.3,9,7,81,62.8,0,0,7,5.4,9,7,0,0
2021,96110,378,164,43.4,98,25.9,66,17.5,159,42.1,12,3.2,24,6.3,0,0,16,4.2
2021,96111,175,76,43.4,31,17.7,45,25.7,81,46.3,0,0,6,3.4,0,0,10,5.7
2021,96112,168,85,50.6,57,33.9,28,16.7,40,23.8,5,3,6,3.6,0,0,32,19
2021,96113,66,42,63.6,25,37.9,17,25.8,9,13.6,0,0,0,0,0,0,12,18.2
2021,96114,314,273,86.9,205,65.3,68,21.7,15,4.8,7,2.2,0,0,5,1.6,11,3.5
2021,96119,194,45,23.2,25,12.9,20,10.3,39,20.1,9,4.6,6,3.1,58,29.9,37,19.1
2021,115115,1294,603,46.6,394,30.4,209,16.2,424,32.8,23,1.8,22,1.7,71,5.5,151,11.7
2021,115906,181,61,33.7,37,20.4,24,13.3,90,49.7,5,2.8,0,0,0,0,22,12.2
2021,115914,0,0,0,0,0,0,0,0,0,0,0,0,0,0,0,0,0
2022,96088,978,417,42.6,247,25.3,170,17.4,70,7.2,14,1.4,11,1.1,63,6.4,406,41.5
2022,96089,674,265,39.3,147,21.8,118,17.5,227,33.7,0,0,10,1.5,122,18.1,48,7.1
2022,96090,400,263,65.8,158,39.5,105,26.3,52,13,22,5.5,17,4.3,0,0,45,11.3
2022,96091,1770,1495,84.5,1166,65.9,329,18.6,144,8.1,27,1.5,58,3.3,29,1.6,17,1
2022,96092,458,391,85.4,318,69.4,73,15.9,40,8.7,5,1.1,9,2,13,2.8,0,0
2022,96093,528,395,74.8,267,50.6,128,24.2,89,16.9,16,3,10,1.9,18,3.4,0,0
2022,96094,734,501,68.3,299,40.7,202,27.5,148,20.2,12,1.6,16,2.2,24,3.3,33,4.5
2022,96095,1311,1110,84.7,880,67.1,230,17.5,86,6.6,12,0.9,16,1.2,14,1.1,65,5
2022,96098,167,107,64.1,71,42.5,36,21.6,38,22.8,6,3.6,7,4.2,9,5.4,0,0
2022,96099,112,78,69.6,38,33.9,40,35.7,16,14.3,0,0,0,0,8,7.1,6,5.4
2022,96101,52,44,84.6,30,57.7,14,26.9,5,9.6,0,0,0,0,0,0,0,0
2022,96102,235,218,92.8,192,81.7,26,11.1,0,0,0,0,0,0,9,3.8,5,2.1
2022,96103,89,35,39.3,16,18,19,21.3,47,52.8,0,0,0,0,0,0,0,0
2022,96104,151,53,35.1,38,25.2,15,9.9,80,53,0,0,0,0,9,6,0,0
2022,96106,340,304,89.4,282,82.9,22,6.5,5,1.5,0,0,5,1.5,21,6.2,0,0
2022,96107,86,49,57,35,40.7,14,16.3,10,11.6,0,0,0,0,18,20.9,6,7
2022,96109,113,34,30.1,24,21.2,10,8.8,54,47.8,0,0,0,0,16,14.2,0,0
2022,96110,363,183,50.4,119,32.8,64,17.6,119,32.8,8,2.2,22,6.1,12,3.3,19,5.2
2022,96111,178,50,28.1,31,17.4,19,10.7,116,65.2,0,0,0,0,0,0,8,4.5
2022,96112,155,92,59.4,57,36.8,35,22.6,25,16.1,0,0,0,0,0,0,29,18.7
2022,96113,58,36,62.1,24,41.4,12,20.7,18,31,0,0,0,0,0,0,0,0
2022,96114,317,276,87.1,226,71.3,50,15.8,8,2.5,6,1.9,0,0,25,7.9,0,0
2022,96119,197,62,31.5,25,12.7,37,18.8,52,26.4,0,0,0,0,43,21.8,33,16.8
2022,115115,1201,525,43.7,357,29.7,168,14,434,36.1,14,1.2,7,0.6,20,1.7,109,9.1
2022,115906,180,73,40.6,48,26.7,25,13.9,75,41.7,0,0,5,2.8,0,0,22,12.2
2022,115914,57,34,59.6,28,49.1,6,10.5,18,31.6,0,0,0,0,0,0,0,0
2023,96088,1160,618,53.3,363,31.3,255,22,317,27.3,32,2.8,25,2.2,19,1.6,150,12.9
2023,96089,684,336,49.1,184,26.9,152,22.2,216,31.6,13,1.9,0,0,58,8.5,59,8.6
2023,96090,425,304,71.5,191,44.9,113,26.6,63,14.8,10,2.4,20,4.7,7,1.6,21,4.9
2023,96091,1774,1487,83.8,1217,68.6,270,15.2,54,3,26,1.5,72,4.1,98,5.5,37,2.1
2023,96092,444,375,84.5,315,70.9,60,13.5,41,9.2,6,1.4,0,0,17,3.8,0,0
2023,96093,551,443,80.4,304,55.2,139,25.2,73,13.2,0,0,0,0,26,4.7,0,0
2023,96094,760,532,70,341,44.9,191,25.1,152,20,0,0,28,3.7,26,3.4,18,2.4
2023,96095,1306,1048,80.2,787,60.3,261,20,77,5.9,17,1.3,39,3,48,3.7,74,5.7
2023,96098,189,121,64,74,39.2,47,24.9,34,18,0,0,9,4.8,16,8.5,6,3.2
2023,96099,123,89,72.4,48,39,41,33.3,13,10.6,0,0,0,0,9,7.3,12,9.8
2023,96101,56,41,73.2,32,57.1,9,16.1,11,19.6,0,0,0,0,0,0,0,0
2023,96102,215,201,93.5,183,85.1,18,8.4,0,0,0,0,0,0,10,4.7,0,0
2023,96103,82,37,45.1,20,24.4,17,20.7,32,39,0,0,0,0,0,0,9,11
2023,96104,158,57,36.1,37,23.4,20,12.7,85,53.8,6,3.8,0,0,8,5.1,0,0
2023,96106,348,323,92.8,286,82.2,37,10.6,0,0,0,0,0,0,13,3.7,6,1.7
2023,96107,103,74,71.8,44,42.7,30,29.1,14,13.6,0,0,0,0,9,8.7,0,0
2023,96109,143,45,31.5,31,21.7,14,9.8,68,47.6,0,0,0,0,11,7.7,22,15.4
2023,96110,355,129,36.3,75,21.1,54,15.2,108,30.4,9,2.5,23,6.5,0,0,82,23.1
2023,96111,203,48,23.6,23,11.3,25,12.3,132,65,0,0,5,2.5,0,0,13,6.4
2023,96112,149,88,59.1,62,41.6,26,17.4,49,32.9,0,0,5,3.4,0,0,7,4.7
2023,96113,68,41,60.3,25,36.8,16,23.5,11,16.2,0,0,0,0,5,7.4,7,10.3
2023,96114,387,309,79.8,263,68,46,11.9,19,4.9,0,0,15,3.9,23,5.9,20,5.2
2023,96119,149,45,30.2,21,14.1,24,16.1,29,19.5,0,0,0,0,47,31.5,24,16.1
2023,115115,1110,555,50,372,33.5,183,16.5,417,37.6,17,1.5,14,1.3,29,2.6,78,7
2023,115906,178,67,37.6,41,23,26,14.6,108,60.7,0,0,0,0,0,0,0,0
2023,115914,76,52,68.4,40,52.6,12,15.8,16,21.1,0,0,0,0,0,0,5,6.6
