YEAR,COUNTY_DISTRICT_CODE,PROPORTIONAL_ATTENDANCE_TOTAL_90ABV,PROPORTIONAL_ATTENDANCE_TOTAL,PROPORTIONAL_ATTENDANCE_TOTAL_PCT,PROPORTIONAL_ATTENDANCE_ASIAN_90ABV,PROPORTIONAL_ATTENDANCE_ASIAN,PROPORTIONAL_ATTENDANCE_ASIAN_PCT,PROPORTIONAL_ATTENDANCE_BLACK_90ABV,PROPORTIONAL_ATTENDANCE_BLACK,PROPORTIONAL_ATTENDANCE_BLACK_PCT,PROPORTIONAL_ATTENDANCE_HISPANIC_90ABV,PROPORTIONAL_ATTENDANCE_HISPANIC,PROPORTIONAL_ATTENDANCE_HISPANIC_PCT,PROPORTIONAL_ATTENDANCE_INDIAN_90ABV,PROPORTIONAL_ATTENDANCE_INDIAN,PROPORTIONAL_ATTENDANCE_INDIAN_PCT,PROPORTIONAL_ATTENDANCE_MULTIRACE_90ABV,PROPORTIONAL_ATTENDANCE_MULTIRACE,PROPORTIONAL_ATTENDANCE_MULTIRACE_PCT,PROPORTIONAL_ATTENDANCE_PACIFIC_ISLANDER_90ABV,PROPORTIONAL_ATTENDANCE_PACIFIC_ISLANDER,PROPORTIONAL_ATTENDANCE_PACIFIC_ISLANDER_PCT,PROPORTIONAL_ATTENDANCE_WHITE_90ABV,PROPORTIONAL_ATTENDANCE_WHITE,PROPORTIONAL_ATTENDANCE_WHITE_PCT,PROPORTIONAL_ATTENDANCE_K_8_90ABV,PROPORTIONAL_ATTENDANCE_K_8,PROPORTIONAL_ATTENDANCE_K_8_PCT,PROPORTIONAL_ATTENDANCE_9_12_90ABV,PROPORTIONAL_ATTENDANCE_9_12,PROPORTIONAL_ATTENDANCE_9_12_PCT,PROPORTIONAL_ATTENDANCE_LEP_PCT,PROPORTIONAL_ATTENDANCE_IEP_PCT,PROPORTIONAL_ATTENDANCE_FRL_PCT
2009,96088,14727.775,18367.0133,80.2,182.9238,202.6827,90.3,10021.1551,12536.2969,79.9,208.5616,277.6333,75.1,16.0134,25.1382,63.7,0,0,0,0,0,0,4299.1211,5325.2622,80.7,10463.7504,12223.5329,85.6,4264.0246,6143.4804,69.4,86.6,74.4,75.8
2009,96089,9251.9523,11443.9413,80.8,79.0853,93.3669,84.7,7201.9831,8977.5029,80.2,129.1449,152.7064,84.6,8.1919,11.3042,72.5,0,0,0,0,0,0,1833.5471,2209.0609,83,6681.1378,7627.9309,87.6,2570.8145,3816.0104,67.4,90.6,76.7,78.4
2009,96090,4700.6191,5349.7736,87.9,212.9234,237.681,89.6,1270.5856,1482.5704,85.7,290.3644,318.0998,91.3,12.9488,13.9486,92.8,0,0,0,0,0,0,2913.7969,3297.4738,88.4,3300.9031,3623.3317,91.1,1399.716,1726.4419,81.1,89.2,82.6,82.7
2009,96091,20381.7088,22053.5922,92.4,1090.4545,1135.4829,96,1767.4766,2266.2852,78,369.7965,393.1872,94.1,33.8483,41.143,82.3,0,0,0,0,0,0,17120.1329,18217.4939,94,14077.9619,14837.6701,94.9,6303.7469,7215.9221,87.4,92.4,87.6,77.9
2009,96092,4352.2434,4895.7549,88.9,97.8472,106.0893,92.2,785.5291,1001.3426,78.4,74.6707,82.8063,90.2,0,0,0,0,0,0,0,0,0,3391.1974,3701.6228,91.6,3144.5804,3335.7785,94.3,1207.663,1559.9764,77.4,93.4,82,76.7
2009,96093,5193.9626,5547.8471,93.6,181.5718,191.637,94.7,345.5419,410.0292,84.3,82.8868,89.0847,93,6.8203,6.8203,100,0,0,0,0,0,0,4577.1418,4850.2759,94.4,3552.4282,3711.1429,95.7,1641.5344,1836.7042,89.4,95.8,89.6,88
2009,96094,9594.5244,10557.2995,90.9,260.7888,274.8985,94.9,859.8336,1095.2536,78.5,133.0347,146.2579,91,9.4888,10.4884,90.5,0,0,0,0,0,0,8331.3785,9030.4011,92.3,6479.2104,6980.1226,92.8,3115.314,3577.1769,87.1,94.1,85.6,81.8
2009,96095,15573.8892,17372.6787,89.6,1793.4501,1909.5366,93.9,2252.5321,2801.9125,80.4,381.1495,420.0723,90.7,34.2346,37.9559,90.2,0,0,0,0,0,0,11112.5229,12203.2014,91.1,10660.2627,11456.5908,93,4913.6265,5916.0879,83.1,92.1,83.9,79.4
2009,96098,2064.5286,2398.6843,86.1,77.3296,81.0995,95.4,181.1296,230.621,78.5,49.9936,59.0362,84.7,6.9887,6.9887,100,0,0,0,0,0,0,1749.0871,2020.9389,86.5,1432.8719,1591.958,90,631.6567,806.7263,78.3,85.6,80.8,77.7
2009,96099,1396.1612,1602.6302,87.1,143.0839,150.8334,94.9,137.0348,171.2867,80,30.4053,33.9012,89.7,0,0,0,0,0,0,0,0,0,1081.6372,1242.6089,87,986.7646,1117.5963,88.3,409.3966,485.0339,84.4,92.1,82.9,84.2
2009,96101,712.4255,789.9903,90.2,26.1447,30.1429,86.7,161.1876,179.5739,89.8,19.0701,20.4177,93.4,0,0,0,0,0,0,0,0,0,506.0231,559.8558,90.4,492.6075,517.6269,95.2,219.818,272.3634,80.7,80.1,86,89.7
2009,96102,2218.9789,2486.3133,89.2,226.7279,234.9825,96.5,477.2517,556.9812,85.7,59.6151,65.6151,90.9,0,0,0,0,0,0,0,0,0,1452.7711,1626.1214,89.3,1528.8322,1619.7132,94.4,690.1467,866.6001,79.6,96.2,83,86.7
2009,96103,1344.5902,1627.2395,82.6,0,5.1706,58,356.0042,406.7616,87.5,46.8473,52.3843,89.4,5.2151,6.7152,77.7,0,0,0,0,0,0,933.5236,1156.2078,80.7,1006.5022,1155.5662,87.1,338.088,471.6733,71.7,93.6,82.7,81.3
2009,96104,2341.9894,2980.6338,78.6,0,0,0,2320.4285,2954.3213,78.5,0,0,0,0,0,0,0,0,0,0,0,0,21.5609,26.3125,81.9,1707.297,2106.3101,81.1,634.6924,874.3237,72.6,0,75.1,77.7
2009,96106,3267.8244,3678.3346,88.8,343.7126,363.2362,94.6,495.8593,592.6074,83.7,88.5137,99.8506,88.6,7.997,10.9795,72.8,0,0,0,0,0,0,2331.7418,2611.6609,89.3,2386.9039,2528.0977,94.4,880.9205,1150.2369,76.6,89.8,84,83
2009,96107,829.1912,993.3141,83.5,17.3786,18.3786,94.6,331.9471,410.7555,80.8,17.7879,19.6411,90.6,0,0,0,0,0,0,0,0,0,461.0776,543.5389,84.8,594.6073,679.7976,87.5,234.5839,313.5165,74.8,92,76.9,79
2009,96109,2797.9045,4281.8523,65.3,0,0,0,2747.3403,4211.9704,65.2,12.3748,14.5702,84.9,0,0,0,0,0,0,0,0,0,37.19,54.3123,68.5,2351.9475,3082.8589,76.3,445.957,1198.9934,37.2,70.1,54.8,64.9
2009,96110,5058.4188,6058.8484,83.5,142.2684,149.881,94.9,1952.0993,2359.9589,82.7,626.151,695.7738,90,27.7695,31.6519,87.7,0,0,0,0,0,0,2310.1306,2821.5828,81.9,3728.5363,4226.9209,88.2,1329.8825,1831.9275,72.6,91.9,78.8,82.9
2009,96111,4548.9069,6693.6388,68,16.7173,19.4776,85.8,4419.6104,6525.8288,67.7,13.2438,16.7586,79,0,0,0,0,0,0,0,0,0,98.3358,127.9282,76.9,3718.1676,4993.7973,74.5,830.7393,1699.8415,48.9,82.2,60.9,67.8
2009,96112,2495.7132,3139.745,79.5,38.9492,45.6951,85.2,2067.5776,2661.6728,77.7,34.6914,40.3879,85.9,10.7446,11.4482,93.9,0,0,0,0,0,0,343.7504,380.541,90.3,1842.5052,2145.7279,85.9,653.208,994.0171,65.7,87.8,75.8,75.2
2009,96113,885.7813,967.1909,91.6,62.0154,66.0614,93.9,195.6293,232.3975,84.2,45.3141,47.4961,95.4,0,0,0,0,0,0,0,0,0,580.6731,618.893,93.8,659.9698,715.6922,92.2,225.8115,251.4987,89.8,91.7,86.8,87
2009,96114,3615.978,4054.5251,89.2,86.3194,90.2056,95.7,780.1766,964.7167,80.9,47.0405,52.1653,90.2,0,0,0,0,0,0,0,0,0,2701.8955,2946.8915,91.7,2521.8697,2723.1821,92.6,1094.1083,1331.343,82.2,89.5,81.8,75.4
2009,96119,1847.7897,2464.7524,75,21.5539,23.4621,91.9,1000.186,1375.4942,72.7,15.6724,20.3013,77.2,0,0,0,0,0,0,0,0,0,807.1728,1042.2902,77.4,391.9557,517.1854,75.8,1455.834,1947.567,74.8,68.2,73.7,69.7
2009,115115,17291.6167,24736.8772,69.9,500.9365,589.1813,85,13558.8793,20055.1461,67.6,541.7131,678.5865,79.8,59.002,62.8661,93.9,0,0,0,0,0,0,2631.0858,3351.0972,78.5,12358.889,16662.4948,74.2,4932.7277,8074.3824,61.1,82,63,71.5
2009,115906,1799.8253,2658.12,67.7,7.0771,9.0771,78,1626.6835,2411.9955,67.4,131.4713,180.0173,73,0,0,0,0,0,0,0,0,0,33.5934,54.691,61.4,1760.9024,2580.9229,68.2,38.9229,77.1971,50.4,74,61.4,68.1
2010,96088,14895.2613,18139.4755,82.1,190.6983,212.8886,89.6,10335.8575,12633.3068,81.8,235.3085,290.06,81.1,19.182,24.0003,79.9,0,0,0,0,0,0,4114.215,4979.2198,82.6,10420.1908,12202.3627,85.4,4475.0705,5937.1128,75.4,89.5,75.7,78.2
2010,96089,9157.5225,11400.2312,80.3,80.1639,90.8884,88.2,7281.4414,9136.9706,79.7,133.5649,157.8343,84.6,9.915,12.4302,79.8,0,0,0,0,0,0,1652.4373,2002.1077,82.5,6643.8067,7677.2464,86.5,2513.7158,3722.9848,67.5,90.6,74.3,78.1
2010,96090,4724.8528,5371.2618,88,212.2183,229.3403,92.5,1389.2414,1609.9762,86.3,283.328,319.4552,88.7,7.9665,9.9563,80,0,0,0,0,0,0,2832.0986,3202.5338,88.4,3340.5723,3672.1779,91,1384.2805,1699.0839,81.5,89.9,83.2,82.5
2010,96091,20469.6646,22220.4077,92.1,1139.1728,1202.2092,94.8,1827.4414,2277.8279,80.2,370.2007,401.748,92.1,32.8387,38.6235,85,0,0,0,0,0,0,17100.011,18299.9991,93.4,14052.9832,14832.8862,94.7,6416.6814,7387.5215,86.9,93,88.4,80.9
2010,96092,4406.4816,4888.5457,90.1,111.3871,118.3035,94.2,732.6131,914.0239,80.2,87.946,94.442,93.1,0,0,0,0,0,0,0,0,0,3471.5364,3757.668,92.4,3166.5006,3352.9032,94.4,1239.981,1535.6425,80.7,91.3,84.2,80.3
2010,96093,5219.1806,5550.8645,94,201.6601,208.2981,96.8,316.2181,373.1448,84.7,86.0295,89.2666,96.4,5.9359,6.3736,93.1,0,0,0,0,0,0,4609.337,4873.7814,94.6,3548.9527,3711.4491,95.6,1670.2279,1839.4154,90.8,96.7,89.4,88.6
2010,96094,9511.7178,10524.0213,90.4,274.2531,290.3644,94.5,828.6926,1063.2853,77.9,145.5609,162.2818,89.7,9.9995,10.4043,96.1,0,0,0,0,0,0,8253.2117,8997.6855,91.7,6407.9773,6991.8349,91.6,3103.7405,3532.1864,87.9,93,85.5,81.1
2010,96095,15383.8581,17157.4198,89.7,1835.5011,1967.4486,93.3,2242.373,2747.2248,81.6,391.1971,431.464,90.7,36.6829,46.1108,79.6,0,0,0,0,0,0,10878.104,11965.1716,90.9,10423.0686,11312.1527,92.1,4960.7895,5845.2671,84.9,90.3,85,80.6
2010,96098,2068.6178,2435.2182,84.9,70.4155,76.1388,92.5,176.3885,226.8034,77.8,57.1495,74.0766,77.1,7.9998,7.9998,100,0,0,0,0,0,0,1756.6645,2050.1996,85.7,1453.3518,1631.0107,89.1,615.266,804.2075,76.5,81.3,79.5,78.3
2010,96099,1333.5046,1570.4293,84.9,150.9858,163.5661,92.3,132.9997,160.9555,82.6,31.8452,35.1875,90.5,0,5.507,54.5,0,0,0,0,0,0,1014.6739,1205.2132,84.2,959.0326,1076.8422,89.1,374.472,493.5871,75.9,89,78.4,83.6
2010,96101,709.7938,778.4237,91.2,26.7041,28.6831,93.1,158.8774,173.5316,91.6,21.8157,26.277,83,0,0,0,0,0,0,0,0,0,502.0604,549.5958,91.4,493.2146,525.9357,93.8,216.5792,252.488,85.8,86,81.8,89.6
2010,96102,2255.4998,2473.3159,91.2,249.4199,257.3717,96.9,491.7063,550.7965,89.3,65.2956,70.2408,93,0,0,0,0,0,0,0,0,0,1447.078,1592.1045,90.9,1538.4725,1642.9604,93.6,717.0273,830.3555,86.4,96.9,88.1,88.7
2010,96103,1338.2731,1547.4901,86.5,0,5.9925,83.3,327.8281,365.4829,89.7,44.9955,51.0804,88.1,0,7.7009,64.8,0,0,0,0,0,0,955.4627,1117.2334,85.5,974.0188,1094.818,89,364.2543,452.6721,80.5,96,84.4,85.5
2010,96104,2242.0767,2945.3737,76.1,0,0,0,2219.1088,2913.244,76.2,0,0,0,0,0,0,0,0,0,0,0,0,20.7868,29.3807,70.7,1635.195,2060.7842,79.3,606.8817,884.5895,68.6,0,68.4,75.1
2010,96106,3360.1966,3745.9162,89.7,387.1211,408.8422,94.7,510.3583,591.9591,86.2,110.5585,123.6923,89.4,9.9985,11.3,88.5,0,0,0,0,0,0,2342.1602,2610.1226,89.7,2467.3895,2590.0442,95.3,892.8071,1155.872,77.2,87,83.8,85.5
2010,96107,846.6447,1000.9311,84.6,14.9302,14.9302,100,342.2447,417.8642,81.9,22.1278,22.926,96.5,0,0,0,0,0,0,0,0,0,464.342,542.2107,85.6,613.331,700.5869,87.5,233.3137,300.3442,77.7,100,82,80.7
2010,96109,2746.2255,4045.7525,67.9,0,0,0,2685.3852,3959.629,67.8,14.3657,17.3657,82.7,0,0,0,0,0,0,0,0,0,42.9516,63.8089,67.3,2257.8508,2970.0568,76,488.3747,1075.6957,45.4,60.1,58.2,67.2
2010,96110,5193.8216,6144.0503,84.5,138.9414,153.7053,90.4,2024.4713,2415.9683,83.8,686.3272,766.8523,89.5,29.74,34.8804,85.3,0,0,0,0,0,0,2314.3417,2772.644,83.5,3873.0682,4290.2815,90.3,1320.7534,1853.7688,71.2,90.4,79.6,83.7
2010,96111,4319.2425,6416.3166,67.3,16.3796,22.4545,72.9,4223.744,6278.9201,67.3,7.0108,13.8041,50.8,0,0,0,0,0,0,0,0,0,70.1571,97.94,71.6,3507.5921,4831.4272,72.6,811.6504,1584.8894,51.2,0,62.1,66.3
2010,96112,2469.0577,3131.4549,78.8,44.0444,49.1588,89.6,2018.174,2634.2725,76.6,47.7364,53.1717,89.8,6.9882,10.927,64,0,0,0,0,0,0,352.1147,383.9249,91.7,1826.5957,2127.7315,85.8,642.462,1003.7234,64,91.6,68.2,74.1
2010,96113,924.7316,988.478,93.6,63.7585,66.7526,95.5,197.8595,217.3444,91,0,0,0,0,5.5307,90.2,0,0,0,0,0,0,656.5122,696.6494,94.2,678.1012,729.6216,92.9,246.6304,258.8564,95.3,93.6,91.3,90.3
2010,96114,3686.3663,4130.3231,89.3,90.5123,94.9442,95.3,772.7852,947.8106,81.5,52.852,58.6856,90.1,0,0,0,0,0,0,0,0,0,2767.1931,3025.699,91.5,2609.5026,2821.2244,92.5,1076.8637,1309.0987,82.3,90.6,83,75.4
2010,96119,1862.4879,2421.4198,76.9,24.1289,31.1185,77.5,1020.0189,1356.4614,75.2,18.8977,26.9768,70.1,0,5.7072,75.9,0,0,0,0,0,0,795.1095,1001.1559,79.4,381.0475,493.5645,77.2,1481.4404,1927.8553,76.8,65.3,75.7,71.6
2010,115115,17293.2274,23875.0565,72.4,542.7057,609.9025,89,13436.6172,19172.075,70.1,586.5557,718.4221,81.6,46.7922,61.0375,76.7,0,0,0,0,0,0,2680.5566,3313.6194,80.9,12487.9445,16221.5724,77,4805.2829,7653.4841,62.8,84.5,64.3,71.5
2010,115906,2062.4517,2932.9759,70.3,12.661,13.4385,94.2,1841.6147,2651.0534,69.5,169.1617,215.2364,78.6,0,0,0,0,0,0,0,0,0,39.0143,53.2476,73.3,1944.9802,2702.8842,72,117.4715,230.0917,51.1,82.4,63.2,70.1
2010,115914,64.3951,68.3951,94.2,0,0,0,64.3951,68.3951,94.2,0,0,0,0,0,0,0,0,0,0,0,0,0,0,0,64.3951,68.3951,94.2,0,0,0,0,89.8,93.8
2011,96088,14647.0639,17809.9953,82.2,181.0438,201.8258,89.7,10289.8439,12577.6958,81.8,256.2282,329.2648,77.8,11.9124,18.1019,65.8,42.1542,49.0718,85.9,0,0,0,3863.8814,4631.248,83.4,10493.3363,12111.7779,86.6,4153.7276,5698.2174,72.9,86,75.8,78.2
2011,96089,9160.0031,11206.6499,81.7,60.2296,63.7722,94.4,6954.6812,8623.6358,80.6,217.4365,248.1765,87.6,5.4799,7.7377,70.8,435.4224,513.0899,84.9,0,0,0,1485.53,1749.0143,84.9,6769.6046,7763.646,87.2,2390.3985,3443.0039,69.4,94.3,75.5,79
2011,96090,4777.1196,5390.2723,88.6,216.1282,230.0433,94,1454.3449,1674.0462,86.9,311.6513,347.4219,89.7,9.6707,10.8006,89.5,19.8587,26.4191,75.2,0,0,0,2765.4658,3101.5412,89.2,3362.8744,3666.2105,91.7,1414.2452,1724.0618,82,88,83.5,83.9
2011,96091,20703.0949,22283.0917,92.9,1216.3031,1262.323,96.4,1935.6733,2348.0858,82.4,417.5215,447.1583,93.4,37.3916,43.7197,85.5,82.8631,89.8905,92.2,0,0,0,17009.3423,18087.9144,94,14237.3629,14963.316,95.1,6465.732,7319.7757,88.3,93,88.7,82.1
2011,96092,4600.7525,4999.241,92,89.7838,93.4931,96,648.6307,803.2449,80.8,106.6451,113.314,94.1,8.2232,8.2232,100,141.4021,154.7063,91.4,0,0,0,3604.0676,3824.2595,94.2,3253.1772,3414.7678,95.3,1347.5753,1584.4732,85,90.7,87.4,81.3
2011,96093,5301.288,5597.4263,94.7,223.335,225.7574,98.9,274.6571,322.3635,85.2,114.5426,121.1491,94.5,11.4447,11.4447,100,69.9749,72.9743,95.9,0,0,0,4602.3443,4838.7479,95.1,3605.0472,3761.6635,95.8,1696.2408,1835.7628,92.4,96,89.8,88.5
2011,96094,9506.3789,10439.0708,91.1,298.7506,315.77,94.6,715.8367,904.4808,79.1,256.2449,285.2739,89.8,9.4525,10.4014,90.9,183.6918,209.3299,87.8,5.1731,6.505,79.5,8037.2293,8707.3098,92.3,6447.8374,6962.4373,92.6,3058.5415,3476.6335,88,92.3,86.8,82.3
2011,96095,15658.9806,17159.7228,91.3,1770.8204,1872.2794,94.6,2164.43,2558.6975,84.6,505.5088,557.6019,90.7,29.9748,38.4759,77.9,443.7723,490.7619,90.4,6.8234,11.8229,57.7,10737.6509,11630.0833,92.3,10631.691,11345.0491,93.7,5027.2896,5814.6737,86.5,91.4,85.6,83
2011,96098,2086.2937,2411.0152,86.5,58.2224,64.0925,90.8,135.7266,167.632,81,90.8931,105.0705,86.5,8.1544,8.1544,100,104.8573,116.5922,89.9,0,0,0,1685.8475,1946.8812,86.6,1462.094,1611.7071,90.7,624.1997,799.3081,78.1,80.6,84,80.4
2011,96099,1246.7598,1461.8918,85.3,144.3818,156.6273,92.2,94.9369,117.8725,80.5,36.324,43.1891,84.1,0,0,0,50.8994,59.1872,86,0,0,0,918.2177,1083.0157,84.8,864.88,983.9075,87.9,381.8798,477.9843,79.9,90.1,80.6,83.2
2011,96101,705.9255,775.174,91.1,29.7116,31.2053,95.2,148.7378,163.9049,90.7,23.576,27.6313,85.3,0,0,0,21.6554,28.8959,74.9,0,0,0,482.2447,523.5366,92.1,489.184,525.2693,93.1,216.7415,249.9047,86.7,84.7,84.8,87.1
2011,96102,2303.4396,2506.6997,91.9,268.624,271.623,98.9,483.7375,537.659,90,61.0163,64.0153,95.3,0,0,0,0,0,0,0,0,0,1483.2253,1626.5659,91.2,1581.516,1661.8467,95.2,721.9236,844.853,85.4,96.3,91,88.6
2011,96103,1298.5384,1475.9891,88,6,6.5046,92.2,272.7141,303.836,89.8,51.6724,58.8954,87.7,5.7825,7.4394,77.7,52.7338,57.0851,92.4,0,0,0,909.1361,1041.7291,87.3,954.53,1032.9452,92.4,344.0084,443.0439,77.6,95.1,82.1,86.8
2011,96104,2072.8805,2795.8936,74.1,0,0,0,2027.7681,2730.5168,74.3,0,0,0,0,0,0,0,6.646,72.8,0,0,0,38.0194,56.2502,67.6,1513.3162,1981.1528,76.4,559.5643,814.7408,68.7,0,67.7,73.3
2011,96106,3530.5318,3896.5174,90.6,405.5248,428.5339,94.6,500.8422,586.5144,85.4,149.379,164.3536,90.9,8.9591,9.9591,90,130.5583,137.0948,95.2,0,0,0,2335.2684,2570.0616,90.9,2577.0452,2690.8531,95.8,953.4866,1205.6643,79.1,91.4,87.4,86.6
2011,96107,892.3293,1023.7749,87.2,17.0093,17.0093,100,314.897,368.8832,85.4,25.2692,31.9493,79.1,0,0,0,28.3527,31.9897,88.6,0,0,0,504.6864,571.8287,88.3,660.0915,723.4511,91.2,232.2378,300.3238,77.3,84.9,78.3,83
2011,96109,2768.1604,4273.7522,64.8,0,6.1137,49.1,2702.9537,4173.7164,64.8,22.5216,29.2558,77,0,0,0,5.0086,5.9734,83.8,0,0,0,34.6765,58.6929,59.1,2283.3642,3214.1272,71,484.7962,1059.625,45.8,95.9,57.5,64.6
2011,96110,5007.9269,5966.232,83.9,128.7343,136.5832,94.3,1904.9942,2319.6953,82.1,689.1247,783.7853,87.9,18.6369,25.4973,73.1,70.9745,85.0876,83.4,0,0,0,2195.4623,2615.5833,83.9,3766.8292,4199.9427,89.7,1241.0977,1766.2893,70.3,91.4,77.3,83
2011,96111,3904.4398,6016.8791,64.9,18.6447,30.8082,60.5,3810.0367,5877.3804,64.8,12.483,15.2491,81.9,0,0,0,0,0,0,0,0,0,62.2754,89.4067,69.7,3227.6319,4583.7304,70.4,676.8079,1433.1487,47.2,0,55.8,64.1
2011,96112,2415.9041,3002.356,80.5,34.4094,38.385,89.6,1966.8169,2502.6699,78.6,50.5593,60.4072,83.7,9.4545,9.9185,95.3,14.3753,15.3519,93.6,0,0,0,339.767,374.9477,90.6,1830.453,2121.9218,86.3,585.4511,880.4342,66.5,82.3,73.8,78
2011,96113,928.4199,998.1488,93,53.4451,53.4451,100,176.7288,193.1655,91.5,53.19,59.9374,88.7,0,5.647,82.3,39.5574,41.2692,95.9,0,0,0,600.8516,644.6846,93.2,679.3006,735.202,92.4,249.1193,262.9468,94.7,93.3,89.4,87.5
2011,96114,3741.4596,4153.9162,90.1,83.9108,89.4962,93.8,728.2955,875.2118,83.2,76.308,81.8065,93.3,10.6311,10.9958,96.7,57.4835,66.5009,86.4,0,0,0,2781.3658,3026.4401,91.9,2709.8056,2889.5198,93.8,1031.654,1264.3964,81.6,87.6,82.6,78.7
2011,96119,1780.6141,2297.3558,77.5,20.6817,24.7884,83.4,914.4338,1212.6798,75.4,48.9901,67.0634,73.1,0,6.014,61.9,88.8396,118.2083,75.2,0,0,0,702.2364,866.883,81,312.3832,420.4534,74.3,1468.2309,1876.9024,78.2,0,76.5,72.6
2011,115115,16834.4189,22442.5748,75,562.1716,621.708,90.4,13260.505,18146.4479,73.1,571.4832,707.2558,80.8,39.6731,46.0583,86.1,0,0,0,0,0,0,2400.586,2921.1048,82.2,12017.3245,15266.0031,78.7,4817.0944,7176.5717,67.1,85.4,68.6,74.3
2011,115906,2072.5636,3049.0938,68,11.6725,13.6725,85.4,1824.9213,2709.7168,67.3,188.6324,245.5304,76.8,0,0,0,0,0,0,0,0,0,47.3139,78.4035,60.3,1879.4811,2661.1203,70.6,193.0825,387.9735,49.8,79.9,56.9,67.5
2011,115914,122.3526,151.3773,80.8,0,0,0,121.5188,150.5435,80.7,0,0,0,0,0,0,0,0,0,0,0,0,0,0,0,122.3526,151.3773,80.8,0,0,0,0,77,79.8
2012,96088,14819.6018,17563.3365,84.4,175.6225,188.6795,93.1,10496.0883,12512.5538,83.9,278.8433,339.9332,82,15.9304,17.9262,88.9,83.1446,93.3502,89.1,9.8891,9.8891,100,3760.0836,4401.0045,85.4,10554.0465,12008.2717,87.9,4265.5553,5555.0648,76.8,91.2,76.8,80.8
2012,96089,9243.4511,10956.2745,84.4,60.1942,63.829,94.3,7141.0097,8530.5029,83.7,208.5396,240.6588,86.7,5.8556,7.1926,81.4,420.2835,484.6786,86.7,0,0,0,1404.6017,1626.4458,86.4,6948.0234,7754.522,89.6,2295.4277,3201.7525,71.7,95.5,79.5,82.7
2012,96090,4800.5656,5393.9369,89,203.1402,217.1071,93.6,1480.1065,1680.0824,88.1,340.062,380.463,89.4,11.651,11.651,100,67.6269,71.0678,95.2,0,0,0,2693.9276,3029.5142,88.9,3393.8538,3714.2956,91.4,1406.7118,1679.6413,83.8,90,85.6,85.5
2012,96091,20629.6366,22015.091,93.7,1254.5715,1306.5316,96,1908.5578,2234.4857,85.4,471.7286,500.7535,94.2,35.1614,43.7612,80.3,172.6572,179.2996,96.3,6,7.1117,84.4,16780.9601,17743.1477,94.6,14118.841,14700.2043,96,6510.7956,7314.8867,89,96.2,90.2,85.4
2012,96092,4673.2517,5041.9224,92.7,85.9706,94.891,90.6,652.384,762.7483,85.5,121.6688,130.6111,93.2,7.9998,8.9998,88.9,161.6292,170.8792,94.6,0,0,0,3641.9084,3871.1021,94.1,3286.0129,3417.3488,96.2,1387.2388,1624.5736,85.4,89.9,87.1,83.7
2012,96093,5370.4506,5688.7196,94.4,224.9963,235.5442,95.5,241.6568,281.8153,85.8,129.474,140.2797,92.3,9.9876,9.9876,100,96.0539,101.7136,94.4,7.2631,7.2631,100,4661.0189,4912.1161,94.9,3630.8071,3796.7941,95.6,1739.6435,1891.9255,92,95.8,89.9,88.9
2012,96094,9483.3396,10366.6628,91.5,315.5659,337.0896,93.6,716.3267,864.9016,82.8,278.7856,303.0865,92,12.9978,13.9978,92.9,209.025,231.3242,90.4,11.0245,13.0245,84.6,7939.6141,8603.2386,92.3,6451.6261,6961.3593,92.7,3031.7135,3405.3035,89,91.5,87.4,84.2
2012,96095,15503.6891,17075.4276,90.8,1837.478,1937.2519,94.8,2084.3449,2479.8847,84.1,664.6734,741.0242,89.7,23.6386,31.8732,74.2,546.0155,607.4506,89.9,10.6657,11.5373,92.4,10336.873,11266.4057,91.7,10648.0048,11283.8811,94.4,4855.6843,5791.5465,83.8,91.9,85.5,82.8
2012,96098,2055.5035,2351.9594,87.4,67.1481,69.8684,96.1,129.3942,161.3246,80.2,90.2876,100.9782,89.4,7.8295,7.8295,100,90.8404,102.5997,88.5,0,0,0,1668.0043,1907.0778,87.5,1441.2991,1591.6359,90.6,614.2044,760.3235,80.8,87.1,83,81.7
2012,96099,1327.8111,1512.2949,87.8,160.0451,171.5403,93.3,147.5483,172.2918,85.6,38.3211,44.8539,85.4,0,0,0,43.8718,52.0003,84.4,0,0,0,936.0248,1069.43,87.5,932.0456,1017.496,91.6,395.7655,494.7989,80,92.1,80.8,86.4
2012,96101,691.9759,762.4444,90.8,27.3372,30.0553,91,162.1387,174.8239,92.7,24.0778,28.6182,84.1,0,0,0,27.0745,29.7187,91.1,0,0,0,451.3477,499.2283,90.4,498.0127,528.1567,94.3,193.9632,234.2877,82.8,94.5,81.8,87.9
2012,96102,2340.489,2517.3743,93,276.1011,283.2716,97.5,474.9709,512.0009,92.8,58.413,66.3853,88,0,0,0,12.5982,13.5982,92.6,0,0,0,1515.4058,1639.1183,92.5,1592.3822,1668.6799,95.4,748.1068,848.6944,88.1,93.2,91.2,91.6
2012,96103,1326.1286,1481.4757,89.5,9.4262,9.5059,99.2,247.6893,275.0136,90.1,56.3153,62.5842,90,6,6.7104,89.4,69.4658,78.4435,88.6,0,0,0,935.985,1047.9359,89.3,970.5947,1062.1171,91.4,355.5339,419.3586,84.8,95.4,85,88.1
2012,96104,2159.9398,2605.3123,82.9,0,0,0,2135.067,2571.3599,83,0,0,0,0,0,0,0,5.0171,73.1,0,0,0,17.7752,25.5042,69.7,1633.3065,1898.1418,86,526.6333,707.1705,74.5,0,77.6,82.2
2012,96106,3596.7638,3887.8415,92.5,421.292,439.3939,95.9,530.5188,585.1126,90.7,148.5697,162.687,91.3,9,9.7966,91.9,146.6194,154.4528,94.9,0,0,0,2340.7639,2536.3986,92.3,2607.8104,2700.4869,96.6,988.9534,1187.3546,83.3,92.6,91.4,88.6
2012,96107,925.753,1048.6075,88.3,13.1331,14.0012,93.8,317.4853,357.2476,88.9,33.5778,37.4614,89.6,0,0,0,39.6586,47.1924,84,0,0,0,517.8982,588.7049,88,690.0134,745.7558,92.5,235.7396,302.8517,77.8,72.8,81.3,83.9
2012,96109,2661.3304,3797.8319,70.1,7.6672,8.975,85.4,2577.0655,3696.5428,69.7,29.1641,32.0277,91.1,0,0,0,6.4144,6.4144,100,0,0,0,40.6859,53.4989,76,2239.4015,2872.8189,78,421.9289,925.013,45.6,90.5,61.5,70.4
2012,96110,5024.252,5924.5264,84.8,135.6849,142.0198,95.5,1911.5905,2312.6633,82.7,734.1617,832.2749,88.2,20.2753,24.8721,81.5,130.0238,154.1572,84.3,0,0,0,2092.5158,2458.1802,85.1,3791.3212,4196.5821,90.3,1232.9308,1727.9443,71.4,91.7,78,83.6
2012,96111,4060.1843,5838.217,69.5,20.471,29.3129,69.8,3968.617,5712.5863,69.5,11.5695,16.653,69.5,0,0,0,0,0,0,0,0,0,56.9712,75.3081,75.7,3414.5065,4530.6659,75.4,645.6778,1307.5511,49.4,0,61.4,69.3
2012,96112,2407.4087,2982.9911,80.7,36.5292,37.5292,97.3,1947.1357,2461.1259,79.1,61.1416,76.6736,79.7,5.5564,8.4068,66.1,21.2046,24.2046,87.6,0,0,0,334.8412,374.051,89.5,1869.2345,2139.9662,87.3,538.1742,843.0249,63.8,87.9,74.7,77.9
2012,96113,924.474,981.4832,94.2,52.6868,53.686,98.1,176.4955,197.6179,89.3,50.9606,55.6907,91.5,0,0,0,39.842,39.842,100,0,0,0,599.669,629.8265,95.2,667.5434,705.1056,94.7,256.9306,276.3776,93,91.1,94.8,91.4
2012,96114,3875.4263,4205.5803,92.1,87.637,91.0274,96.3,706.1505,824.5166,85.6,76.5662,82.7563,92.5,15.4909,16.4909,93.9,58.8929,70.1268,84,0,0,0,2926.8207,3116.7942,93.9,2805.0156,2947.6219,95.2,1070.4107,1257.9584,85.1,96.5,85.5,81.6
2012,96119,1778.6665,2256.1968,78.8,21.9729,25.6098,85.8,914.9716,1176.1777,77.8,35.5681,47.5725,74.8,0,0,0,57.9588,76.7879,75.5,0,0,0,741.9398,922.6483,80.4,325.9649,429.1213,76,1452.7016,1827.0755,79.5,0,77.6,76.6
2012,115115,17104.891,21928.5223,78,603.8058,648.6966,93.1,13436.5237,17570.0859,76.5,578.0813,714.9995,80.9,46.0066,53.5494,85.9,0,0,0,0,0,0,2440.0361,2940.7534,83,12359.1514,15184.0843,81.4,4745.7396,6744.438,70.4,87.7,71.3,77.1
2012,115906,2348.3478,3114.1134,75.4,11.9899,12.5761,95.3,2024.6599,2739.2448,73.9,257.3735,290.305,88.7,0,0,0,5.8971,11.933,49.4,0,0,0,48.14,59.4682,81,2145.1057,2634.0519,81.4,203.2421,480.0615,42.3,90.3,66.5,75.3
2012,115914,193.1825,243.5129,79.3,0,0,0,193.1825,243.5129,79.3,0,0,0,0,0,0,0,0,0,0,0,0,0,0,0,193.1825,243.5129,79.3,0,0,0,0,0,77.7
2013,96088,15224.3681,17727.8432,85.9,172.1701,183.1303,94,10936.2001,12788.3431,85.5,307.8977,362.7596,84.9,9.0036,13.952,64.5,135.4299,151.7772,89.2,16.2481,16.2481,100,3647.4186,4211.6329,86.6,10929.7664,12181.2783,89.7,4294.6017,5546.5649,77.4,92.8,78.6,83.3
2013,96089,9209.3684,10920.5155,84.3,61.6311,63.4702,97.1,7206.6372,8582.248,84,235.3586,273.0874,86.2,8.1319,10.5671,77,408.7468,478.2099,85.5,0,0,0,1286.7408,1510.8109,85.2,6876.2526,7778.0584,88.4,2333.1158,3142.4571,74.2,91.9,77.3,82.8
2013,96090,4854.9004,5424.2863,89.5,208.7859,220.6577,94.6,1505.1529,1706.219,88.2,381.2685,417.234,91.4,11.9916,11.9916,100,79.5489,91.3227,87.1,0,0,0,2667.1542,2975.3641,89.6,3455.9226,3737.7304,92.5,1398.9778,1686.5559,82.9,94,86,86
2013,96091,20323.3882,21694.9231,93.7,1294.2208,1336.7755,96.8,1858.9132,2140.4966,86.8,509.5731,547.7653,93,27.3682,32.1786,85.1,245.5455,257.4532,95.4,8.8169,9.8169,89.8,16378.9505,17370.437,94.3,13810.2586,14413.343,95.8,6513.1296,7281.5801,89.4,95,89.7,85.5
2013,96092,4782.2502,5189.4816,92.2,105.8296,111.2109,95.2,610.4241,723.8956,84.3,129.8282,140.5121,92.4,9,9.9477,90.5,166.2805,186.1796,89.3,0,0,0,3759.8878,4015.3628,93.6,3392.2591,3554.1669,95.4,1389.9911,1635.3147,85,93.8,86.6,83.4
2013,96093,5538.3057,5799.6074,95.5,225.5553,230.4759,97.9,220.3467,253.5544,86.9,151.9755,158.839,95.7,14.4747,14.4747,100,122.5654,125.4593,97.7,6.9961,6.9961,100,4796.392,5009.808,95.7,3800.7223,3927.8951,96.8,1737.5834,1871.7123,92.8,95.8,92,91.2
2013,96094,9566.2934,10412.9069,91.9,329.191,347.4198,94.8,732.9958,868.2456,84.4,293.2393,318.8492,92,22.396,25.028,89.5,239.8286,271.5041,88.3,9.9918,11.7397,85.1,7938.6509,8570.1205,92.6,6541.4139,7060.4071,92.6,3024.8795,3352.4998,90.2,92.8,87.9,84.7
2013,96095,15493.942,16998.8919,91.1,1819.8489,1930.2597,94.3,2159.8901,2504.5293,86.2,709.8395,803.5177,88.3,24.1143,28.5197,84.6,614.6818,692.1182,88.8,10.4446,11.6614,89.6,10155.1228,11028.2859,92.1,10740.3169,11381.838,94.4,4753.6251,5617.0539,84.6,91.1,85.6,83.4
2013,96098,2053.5046,2343.7399,87.6,58.95,62.1779,94.8,140.5881,173.3388,81.1,102.1454,112.8908,90.5,5.7355,5.7355,100,113.7999,123.2474,92.3,0,0,0,1629.2857,1863.3495,87.4,1452.9126,1604.2945,90.6,600.592,739.4454,81.2,87.3,84.3,82.7
2013,96099,1380.5681,1534.4421,90,166.9732,177.9914,93.8,165.5113,189.9472,87.1,35.1818,40.0219,87.9,0,0,0,38.2585,42.7499,89.5,0,0,0,972.1694,1081.2578,89.9,977.0173,1056.6705,92.5,403.5508,477.7716,84.5,93.2,82.7,88.3
2013,96101,716.8675,771.9321,92.9,28.8653,29.8653,96.7,155.3547,169.5833,91.6,27.883,29.883,93.3,0,0,0,32.9672,36.0641,91.4,0,0,0,471.7973,506.5364,93.1,511.3226,537.7411,95.1,205.5449,234.191,87.8,96,86.9,90.6
2013,96102,2376.2861,2508.7741,94.7,261.6236,273.1985,95.8,448.8481,467.0854,96.1,79.5944,84.2354,94.5,0,0,0,28.3951,32.3951,87.7,0,0,0,1554.8249,1648.8597,94.3,1593.173,1665.8643,95.6,783.1131,842.9098,92.9,96,93.6,94.6
2013,96103,1289.1511,1425.5541,90.4,9.9404,9.9404,100,229.5897,248.0567,92.6,67.4305,73.2931,92,0,5.3131,93.8,86.3439,94.3917,91.5,0,0,0,888.9594,992.6555,89.6,953.1049,1036.5673,91.9,336.0462,388.9868,86.4,95.7,84.8,89.1
2013,96104,2078.8604,2448.0769,84.9,0,0,0,2065.6261,2425.1263,85.2,0,0,0,0,0,0,0,0,0,0,0,0,9.0856,15.6828,57.9,1639.6151,1841.855,89,439.2453,606.2219,72.5,0,77.8,84.4
2013,96106,3650.3608,3932.9064,92.8,450.7124,472.8344,95.3,557.3503,618.6997,90.1,156.6457,169.9741,92.2,8.888,9.888,89.9,162.6531,172.1746,94.5,0,0,0,2314.1113,2489.3356,93,2610.4439,2709.284,96.4,1039.9169,1223.6224,85,96,90.9,88.4
2013,96107,998.5059,1106.9977,90.2,12.7521,12.7521,100,308.3861,351.2665,87.8,35.6844,39.1035,91.3,0,0,0,59.3311,67.6565,87.7,0,0,0,579.9792,633.8461,91.5,737.7876,793.1972,93,260.7183,313.8005,83.1,92.5,87.5,86.6
2013,96109,2856.755,3800.4717,75.2,9.6648,13.2963,72.7,2769.715,3690.2309,75.1,33.519,38.7404,86.5,0,0,0,0,5.9814,82.6,0,0,0,38.9129,52.2227,74.5,2470.1185,3012.2056,82,386.6365,788.2661,49,93.8,68.6,75.2
2013,96110,5018.7451,6036.2076,83.1,134.4887,140.1511,96,1926.4832,2368.1652,81.3,753.7355,877.8537,85.9,15.1944,18.5937,81.7,225.0687,256.5937,87.7,0,0,0,1963.7746,2374.4887,82.7,3778.6493,4299.8834,87.9,1240.0958,1736.3242,71.4,88.9,76.8,81.9
2013,96111,4046.8805,5822.3512,69.5,46.8865,73.3108,64,3925.1617,5637.9052,69.6,26.4434,36.9994,71.5,0,0,0,0,0,0,0,0,0,47.5559,72.7654,65.4,3446.0305,4547.5089,75.8,600.85,1274.8423,47.1,98.5,63.4,69.1
2013,96112,2488.2847,2969.5331,83.8,37.3427,39.4333,94.7,2025.6565,2448.7766,82.7,56.4855,68.628,82.3,0,6.3276,62.3,24.9015,29.7701,83.6,0,0,0,336.9566,373.5975,90.2,1928.6786,2205.8676,87.4,559.6061,763.6655,73.3,90.5,79.4,81.1
2013,96113,942.4123,989.1978,95.3,50.9186,50.9186,100,200.2771,221.1986,90.5,52.518,56.518,92.9,0,0,0,37.4557,41.2529,90.8,0,0,0,599.2429,617.0673,97.1,677.9891,710.595,95.4,264.4232,278.6028,94.9,96.4,93.2,91.6
2013,96114,3909.52,4239.6288,92.2,94.1978,96.2945,97.8,676.8077,788.41,85.8,80.3239,89.2773,90,13.892,18.7764,74,76.4893,90.7695,84.3,0,0,0,2964.8093,3153.1011,94,2814.3642,2984.4779,94.3,1095.1558,1255.1509,87.3,89.9,87.9,82.6
2013,96119,1695.6616,2149.8059,78.9,20.6317,24.8117,83.2,873.0373,1133.9888,77,26.286,35.609,73.8,0,0,0,38.6386,47.9595,80.6,0,0,0,730.616,899.4561,81.2,307.5474,409.0726,75.2,1388.1142,1740.7333,79.7,0,77.1,75.1
2013,115115,19489.8989,24542.2886,79.4,622.0327,665.7464,93.4,15720.994,20154.4904,78,646.8672,765.021,84.6,50.3163,56.7714,88.6,0,0,0,0,0,0,2449.6887,2900.2594,84.5,14574.0684,17629.0868,82.7,4915.8305,6913.2018,71.1,90,73.2,78.6
2013,115906,2343.4123,2935.0506,79.8,10.9114,10.9114,100,1996.6377,2541.2465,78.6,291.9027,322.2169,90.6,0,0,0,8.2872,11.2079,73.9,0,0,0,35.6733,49.4679,72.1,2137.6831,2492.7068,85.8,205.7292,442.3438,46.5,91.8,70.9,79.8
2013,115914,252.0173,326.0999,77.3,0,0,0,246.4824,318.565,77.4,0,0,0,0,0,0,0,0,0,0,0,0,0,0,0,252.0173,326.0999,77.3,0,0,0,0,82.6,77
2014,96088,15537.8536,17794.9731,87.3,182.3865,193.8961,94.1,11269.5573,12981.7014,86.8,312.7327,359.5183,87,13.3269,18.5429,71.9,160.4661,184.3195,87.1,18.6983,21.3183,87.7,3580.6858,4035.6766,88.7,11251.7022,12407.3706,90.7,4286.1514,5387.6025,79.6,94.5,82.4,84.6
2014,96089,9475.1794,11220.5717,84.4,58.6199,59.6261,98.3,7538.3477,8986.4993,83.9,243.9633,286.3427,85.2,0,9.2374,52.6,393.2899,456.9527,86.1,0,0,0,1233.4284,1419.1014,86.9,6967.1583,7923.7598,87.9,2508.0211,3296.8119,76.1,90,77,82.2
2014,96090,4990.4922,5483.0621,91,212.9213,220.4539,96.6,1613.0234,1797.7644,89.7,409.102,444.8317,92,9.999,9.999,100,114.2712,131.1776,87.1,5.8109,6.1017,95.2,2625.3644,2872.7338,91.4,3550.3961,3809.8594,93.2,1440.0961,1673.2027,86.1,93.6,87.5,87.4
2014,96091,19980.829,21306.1044,93.8,1339.9465,1379.3589,97.1,1738.6018,1995.983,87.1,583.3028,622.959,93.6,33.4099,36.1771,92.4,349.7274,372.333,93.9,7.4976,8.9446,83.8,15928.343,16890.3488,94.3,13509.315,14089.3706,95.9,6471.514,7216.7338,89.7,94.6,90.4,85.4
2014,96092,4998.1985,5493.8613,91,114.2334,119.8219,95.3,684.2467,853.8384,80.1,144.0398,151.0297,95.4,7.8064,8.8064,88.6,185.5798,215.01,86.3,0,0,0,3861.2924,4144.3549,93.2,3602.3422,3783.495,95.2,1395.8563,1710.3663,81.6,96.2,83.5,80.3
2014,96093,5717.205,5963.8891,95.9,226.6374,231.4866,97.9,202.437,226.3369,89.4,175.9668,182.1216,96.6,13.8257,13.8257,100,162.3201,168.991,96.1,7.9992,9.3576,85.5,4928.0188,5131.7697,96,3945.1962,4068.5801,97,1772.0088,1895.309,93.5,97.6,93.3,91.4
2014,96094,9650.6815,10478.5497,92.1,348.3176,361.7361,96.3,841.5647,1008.5136,83.4,293.8316,314.6781,93.4,24.9863,27.3157,91.5,247.6384,276.209,89.7,10.883,10.883,100,7883.4599,8479.2142,93,6650.903,7148.7931,93,2999.7785,3329.7566,90.1,94.1,87.1,85.9
2014,96095,15711.5986,16974.9175,92.6,1828.0293,1895.9533,96.4,2252.2205,2574.1139,87.5,734.7878,816.2545,90,20.0628,24.0039,83.6,660.6032,728.1029,90.7,9.8915,9.8915,100,10206.0035,10926.5975,93.4,10960.4428,11508.2368,95.2,4751.1558,5466.6807,86.9,93.1,87.8,85.5
2014,96098,2065.24,2352.9337,87.8,63.9962,69.4637,92.1,141.5633,163.7241,86.5,103.7276,114.0741,90.9,6.4641,8.4473,76.5,125.8739,138.542,90.9,0,0,0,1620.6149,1855.6825,87.3,1461.0107,1584.542,92.2,604.2293,768.3917,78.6,92.2,85.1,83.9
2014,96099,1453.2564,1584.702,91.7,181.0374,191.3299,94.6,191.3539,220.0433,87,35.489,40.0173,88.7,0,0,0,38.3943,42.3658,90.6,0,0,0,1004.4556,1087.4508,92.4,1046.9403,1115.8984,93.8,406.3161,468.8036,86.7,94.3,86.7,89.9
2014,96101,735.6943,792.3778,92.8,29.3016,30.3016,96.7,184.28,201.9005,91.3,29.3761,31.7748,92.5,0,0,0,39.9837,44.5182,89.8,0,0,0,451.7529,482.8827,93.6,541.3411,570.3077,94.9,194.3532,222.0701,87.5,95.4,85.2,87.9
2014,96102,2439.5035,2580.3055,94.5,284.3154,292.4444,97.2,457.4201,480.7049,95.2,88.9688,93.9222,94.7,0,0,0,53.2913,55.2913,96.4,0,0,0,1552.5079,1654.9427,93.8,1669.7192,1723.7101,96.9,769.7843,856.5954,89.9,93.5,92.6,91.3
2014,96103,1280.5584,1401.2163,91.4,8.4823,8.4823,100,228.4756,246.9766,92.5,74.416,77.1375,96.5,6,6.0587,99,93.6881,105.5022,88.8,0,0,0,867.4964,955.059,90.8,953.1672,1023.6492,93.1,327.3912,377.5671,86.7,97.1,85.5,90.4
2014,96104,2150.5252,2485.0352,86.5,0,0,0,2129.5612,2457.1409,86.7,5.9593,5.9593,100,0,0,0,0,7.8488,57.4,0,0,0,9.9001,12.8653,77,1673.2054,1841.8389,90.8,477.3198,643.1963,74.2,0,83,86.5
2014,96106,3737.1496,4027.9907,92.8,475.4982,494.0772,96.2,615.0805,679.3537,90.5,170.3396,178.3484,95.5,12.7194,13.5036,94.2,170.7911,184.2327,92.7,0,0,0,2292.2337,2477.988,92.5,2703.4493,2812.5932,96.1,1033.7003,1215.3975,85.1,97.8,89.8,87.2
2014,96107,1061.5881,1165.5432,91.1,15.7759,16.6414,94.8,310.9239,352.6057,88.2,39.1114,42.1606,92.8,0,0,0,82.1021,90.0459,91.2,0,0,0,611.6748,662.0896,92.4,797.3611,845.0299,94.4,264.227,320.5133,82.4,92.8,84.3,86.4
2014,96109,1893.9668,2776.4489,68.2,5.2146,7.6946,67.8,1841.5362,2699.2684,68.2,19.8113,26.7581,74,0,0,0,8.5932,12.7524,67.4,0,0,0,18.8115,29.9754,62.8,1623.0544,2220.6967,73.1,270.9124,555.7522,48.7,82,63,67.8
2014,96110,5395.0048,6209.8965,86.9,134.4413,138.6288,97,2103.6038,2464.01,85.4,833.8921,932.512,89.4,11.1339,13.7413,81,332.1571,366.2699,90.7,0,0,0,1978.7766,2293.2887,86.3,4044.4655,4432.6002,91.2,1350.5393,1777.2963,76,92.9,82,85.7
2014,96111,3773.0108,4779.8502,78.9,14.567,16.439,88.6,3687.9746,4680.1143,78.8,25.9599,30.2361,85.9,0,0,0,0,0,0,0,0,0,42.5093,50.1245,84.8,3213.3083,3861.1157,83.2,559.7025,918.7345,60.9,97.3,74.7,79
2014,96112,2411.4708,2950.5415,81.7,35.7856,38.6871,92.5,1990.9488,2468.4394,80.7,52.9293,66.4239,79.7,0,0,0,24.5672,28.1716,87.2,0,0,0,302.2399,342.8254,88.2,1866.2158,2198.0452,84.9,545.255,752.4963,72.5,87.8,74.2,78.8
2014,96113,915.2042,975.096,93.9,38.2958,40.3911,94.8,203.2875,227.5387,89.3,52.6205,52.6205,100,0,0,0,38.6927,44.5503,86.9,0,0,0,579.8097,607.4974,95.4,658.2819,708.4681,92.9,256.9223,266.6279,96.4,93.7,88.6,90.3
2014,96114,3974.3073,4277.772,92.9,103.4218,106.8141,96.8,663.903,766.2822,86.6,84.3666,92.0117,91.7,16.907,17.907,94.4,91.372,106.7151,85.6,0,0,0,3011.5143,3185.2193,94.5,2858.7556,3001.6012,95.2,1115.5517,1276.1708,87.4,95.3,85.9,83.7
2014,96119,1650.1927,2115.1813,78,26.173,30.0885,87,845.1969,1127.4704,75,18.8667,22.5426,83.7,0,6.9194,56.7,34.6105,48.8324,70.9,0,0,0,719.0353,876.9409,82,305.9281,398.778,76.7,1344.2646,1716.4033,78.3,0,76.3,73.8
2014,115115,20195.7649,24107.3449,83.8,628.9869,665.1494,94.6,16449.3524,19927.4333,82.5,669.6963,756.244,88.6,48.7389,51.0308,95.5,0,0,0,0,0,0,2398.9904,2707.4874,88.6,14915.8314,17343.2934,86,5279.9335,6764.0515,78.1,92.3,78.5,82.9
2014,115906,2151.7536,2859.7345,75.2,9.9794,9.9794,100,1821.739,2485.6748,73.3,290.9232,321.0866,90.6,0,0,0,11.5515,12.5505,92,0,0,0,17.5605,30.4432,57.7,1971.0527,2428.2258,81.2,180.7009,431.5087,41.9,91.3,67.1,75.3
2014,115914,265.3817,322.521,82.3,0,0,0,256.2604,313.3997,81.8,5.6412,5.6412,100,0,0,0,0,0,0,0,0,0,0,0,0,265.3817,322.521,82.3,0,0,0,0,84.7,81.6
2015,96088,15134.333,17610.656,85.9,179.2451,185.5716,96.6,11069.4153,12975.3626,85.3,310.9244,351.6701,88.4,16.7024,21.2694,78.5,193.9843,223.4528,86.8,15.9856,18.9172,84.5,3348.0759,3834.4123,87.3,10841.5829,12195.8111,88.9,4292.7501,5414.8449,79.3,93.9,79.6,83
2015,96089,8662.9251,10760.0446,80.5,63.5252,63.5252,100,6980.1708,8720.1671,80,244.7591,286.0348,85.6,6.0359,8.0916,74.6,346.0268,421.4275,82.1,0,5.1475,95.1,1017.5095,1255.6509,81,6451.2505,7604.7352,84.8,2211.6746,3155.3094,70.1,94.7,74.5,80.5
2015,96090,4890.2282,5424.3178,90.2,202.7204,214.0586,94.7,1619.8393,1807.895,89.6,431.9376,480.6709,89.9,11.515,11.515,100,131.7376,154.0585,85.5,0,6.7675,57.9,2488.5595,2749.3523,90.5,3496.6032,3786.5459,92.3,1393.625,1637.7719,85.1,91.5,88.1,86.5
2015,96091,19588.9572,21073.7549,93,1380.0372,1431.951,96.4,1672.2611,1939.3415,86.2,631.1226,675.1543,93.5,27.8327,29.8321,93.3,424.3693,458.043,92.6,10.5491,12.5953,83.8,15442.7852,16526.8377,93.4,13159.9199,13853.4471,95,6429.0373,7220.3078,89,93.7,89.2,84.5
2015,96092,4978.8838,5484.4537,90.8,100.3506,106.9271,93.8,628.628,781.895,80.4,150.1368,166.8676,90,5.3636,5.8977,90.9,225.0575,248.8531,90.4,0,0,0,3868.3473,4173.0132,92.7,3573.0201,3797.6575,94.1,1405.8637,1686.7962,83.3,93,84.8,79.8
2015,96093,5774.2081,6130.9845,94.2,232.0202,239.3088,97,187.9293,210.783,89.2,208.4017,220.6801,94.4,12,12,100,177.2658,186.7575,94.9,7,10,70,4949.5911,5251.4551,94.3,4001.0546,4188.3882,95.5,1773.1535,1942.5963,91.3,95,90.6,88.8
2015,96094,9352.0001,10265.5667,91.1,345.2319,359.9039,95.9,730.6907,896.9587,81.5,309.1586,344.1889,89.8,26.9368,29.5025,91.3,280.558,304.2016,92.2,9.9937,10.4284,95.8,7649.4304,8320.3827,91.9,6475.8984,7051.3665,91.8,2876.1017,3214.2002,89.5,91.2,86.8,83.6
2015,96095,15579.8172,17033.8915,91.5,1876.0585,1960.8002,95.7,2278.771,2638.2589,86.4,757.5849,850.8666,89,21.4883,29.2742,73.4,691.9235,753.6931,91.8,9.9547,9.9547,100,9944.0363,10791.0438,92.2,10931.4847,11653.6402,93.8,4648.3325,5380.2513,86.4,93,85.8,85.1
2015,96098,2098.3603,2358.666,89,59.5583,67.2966,88.5,150.3169,177.2333,84.8,110.3237,127.4585,86.6,5.1434,5.9896,85.9,118.7394,140.6886,84.4,0,0,0,1650.2952,1836.016,89.9,1507.5267,1659.3579,90.9,590.8336,699.3081,84.5,87.4,85.2,82.5
2015,96099,1410.7791,1533.3609,92,179.6669,189.0826,95,177.4708,195.7955,90.6,39.9784,43.036,92.9,0,0,0,38.2228,43.1786,88.5,0,0,0,974.4402,1059.2682,92,1020.3279,1096.3861,93.1,390.4512,436.9748,89.4,94.9,88,90.4
2015,96101,718.7301,794.5648,90.5,41.2357,42.2357,97.6,179.2325,199.9176,89.7,30.4862,37.4862,81.3,0,0,0,42.8828,49.8746,86,0,0,0,423.8929,464.0507,91.3,527.9526,562.5768,93.8,190.7775,231.988,82.2,91.6,82.4,83.9
2015,96102,2352.4541,2509.4837,93.7,274.519,288.3088,95.2,407.0094,441.4507,92.2,91.7742,95.9971,95.6,0,0,0,67.5314,71.3508,94.6,0,0,0,1508.677,1609.4332,93.7,1584.1981,1652.2244,95.9,768.256,857.2593,89.6,95.7,92.4,88.6
2015,96103,1260.0414,1413.0579,89.2,7.8162,7.8162,100,227.1485,249.9351,90.9,70.1014,75.1221,93.3,0,5.4871,91.1,108.9,122.541,88.9,0,0,0,840.078,951.1573,88.3,938.3566,1046.7485,89.6,321.6848,366.3094,87.8,90.1,85.8,89.2
2015,96104,2162.661,2468.7001,87.6,0,0,0,2133.3762,2433.0562,87.7,15.5176,15.5176,100,0,0,0,5.4899,7.7127,71.2,0,0,0,5.0458,8.0224,62.9,1680.4278,1853.2385,90.7,482.2332,615.4616,78.4,0,83,87.6
2015,96106,3744.7526,4076.268,91.9,500.2663,518.7506,96.4,624.5664,694.7943,89.9,168.7768,183.6626,91.9,11.9413,11.9413,100,182.631,200.0298,91.3,0,0,0,2255.5708,2466.0894,91.5,2723.3913,2869.1708,94.9,1021.3613,1207.0972,84.6,97.1,87.6,86.1
2015,96107,1059.5358,1164.0404,91,18.5978,19.5973,94.9,283.9259,314.8679,90.2,37.8189,41.9965,90.1,0,0,0,78.9124,90.5903,87.1,0,0,0,637.2808,693.9884,91.8,825.1451,882.3703,93.5,234.3907,281.6701,83.2,96.5,89.9,86.9
2015,96109,2179.7075,3345.0739,65.2,6.1006,8.4418,72.3,2102.4126,3226.5586,65.2,30.5127,42.3772,72,0,0,0,9.222,19.3331,47.7,0,0,0,31.4596,46.4204,67.8,1840.9012,2661.5778,69.2,338.8063,683.4961,49.6,81,57.4,65.1
2015,96110,5243.1922,6156.9545,85.2,118.1116,121.1116,97.5,2029.3178,2442.3319,83.1,865.3126,979.8817,88.3,11.3389,16.0132,70.8,369.0575,419.2362,88,0,0,0,1849.0538,2177.3799,84.9,3965.2544,4427.7517,89.6,1277.9378,1729.2028,73.9,91.5,79.6,83.9
2015,96111,3938.4004,5110.9489,77.1,15.2534,16.2136,94.1,3861.4451,5016.8169,77,24.2535,27.8562,87.1,0,0,0,0,0,0,0,0,0,35.4603,46.9428,75.5,3259.3998,4087.3822,79.7,679.0006,1023.5667,66.3,100,71.3,77.1
2015,96112,2373.787,2876.7922,82.5,33.8925,36.8034,92.1,1963.2938,2425.4457,80.9,63.1845,71.2549,88.7,6.8613,7.8063,87.9,24.7677,25.8189,95.9,0,0,0,280.7872,308.663,91,1805.4069,2108.1382,85.6,568.3801,768.654,73.9,92.7,75.2,79.8
2015,96113,861.0549,940.6497,91.5,32.0443,36.8618,86.9,185.2014,211.7666,87.5,49.4935,50.8165,97.4,0,0,0,49.2273,53.3813,92.2,0,0,0,544.0923,586.8274,92.7,634.5368,689.3194,92.1,226.5181,251.3303,90.1,88.3,87.6,87.1
2015,96114,3863.942,4198.2609,92,98.6168,101.5315,97.1,601.2977,703.8509,85.4,88.1599,101.1204,87.2,14.8868,15.8717,93.8,95.9502,113.1919,84.8,0,0,0,2963.0306,3160.6945,93.7,2729.01,2901.2497,94.1,1134.932,1297.0112,87.5,89.8,87.7,82.2
2015,96119,1517.5564,2067.1228,73.4,21.078,25.9337,81.3,784.705,1096.6785,71.6,23.7757,33.936,70.1,0,7.14,56.1,22.1673,38.1283,58.1,0,0,0,660.0933,863.5196,76.4,284.4187,400.8623,71,1233.1377,1666.2605,74,0,71.6,68.7
2015,115115,19578.4445,23446.7452,83.5,604.4852,634.3062,95.3,15882.421,19302.1245,82.3,727.7586,803.7595,90.5,40.789,45.1949,90.3,0,0,0,0,0,0,2322.9907,2661.3601,87.3,14386.4142,16709.7281,86.1,5192.0303,6737.0171,77.1,92.1,76.5,83.5
2015,115906,2128.3552,2796.4555,76.1,11.9536,11.9536,100,1771.8283,2396.0443,73.9,302.5139,334.7662,90.4,0,0,0,21.1346,26.9553,78.4,0,0,0,18.8265,24.6378,76.4,1943.4184,2363.5525,82.2,184.9368,432.903,42.7,91.5,67.8,76.1
2015,115914,398.394,537.6814,74.1,0,0,0,377.7596,510.5686,74,16.5707,19.0604,86.9,0,0,0,0,0,0,0,0,0,0,7.0524,43.4,398.394,537.6814,74.1,0,0,0,0,68.8,73.8
2016,96088,15171.9015,17621.0313,86.1,159.1086,168.0074,94.7,11345.5437,13245.75,85.7,288.2542,347.8705,82.9,22.5469,24.8317,90.8,199.9934,238.1858,84,16.1459,19.1405,84.4,3140.3088,3577.2454,87.8,10857.2119,12168.3785,89.2,4314.6896,5452.6528,79.1,93.1,79.9,83.4
2016,96089,8529.4568,10064.9166,84.7,49.8002,53.1815,93.6,6977.0087,8239.4636,84.7,235.2701,273.7281,86,0,7.6328,61.5,340.872,396.9691,85.9,6.3522,7.4118,85.7,915.4596,1086.5297,84.3,6139.7204,6967.0222,88.1,2389.7364,3097.8944,77.1,90,79.5,84.7
2016,96090,4989.6477,5472.0681,91.2,189.3774,197.9099,95.7,1675.1876,1861.7848,90,474.942,515.3941,92.2,14.059,14.059,100,182.3017,214.7385,84.9,0,5.1723,64.1,2450.4641,2663.0095,92,3585.4744,3827.9176,93.7,1404.1733,1644.1505,85.4,92,85.7,88
2016,96091,19486.7624,20874.006,93.4,1459.831,1508.805,96.8,1616.1392,1873.1342,86.3,626.6763,674.9461,92.8,30.0731,31.9928,94,474.5811,501.9713,94.5,14.9853,16.9853,88.2,15264.4764,16266.1713,93.8,13189.4088,13817.124,95.5,6297.3536,7056.882,89.2,94.5,89.4,85.5
2016,96092,5179.4523,5576.9422,92.9,103.4673,110.5564,93.6,623.6097,735.357,84.8,155.098,167.3427,92.7,7,7.5762,92.4,258.4612,281.6955,91.8,0,0,0,4030.8161,4273.4144,94.3,3737.3816,3905.1454,95.7,1442.0707,1671.7968,86.3,96.3,88.9,83.6
2016,96093,6048.1654,6388.4082,94.7,264.732,271.7254,97.4,177.6944,193.7438,91.7,238.281,252.6234,94.3,11.2352,13.0143,86.3,199.8636,212.6174,94,8.3572,11.3305,73.8,5148.002,5433.3534,94.7,4276.2312,4442.54,96.3,1771.9342,1945.8682,91.1,97.6,91.9,89
2016,96094,9301.5996,10062.4184,92.4,348.331,363.1065,95.9,747.7027,850.1846,87.9,313.9712,342.2157,91.7,21.9962,25.1645,87.4,290.298,326.906,88.8,12.5374,12.5374,100,7566.7631,8142.3037,92.9,6484.3146,6928.796,93.6,2817.285,3133.6224,89.9,93.6,88,86.3
2016,96095,15957.3126,17147.783,93.1,1985.9649,2061.5664,96.3,2369.3978,2633.0039,90,811.7992,888.8743,91.3,23.7022,27.8974,85,756.7849,811.5962,93.2,8.3395,8.3395,100,10001.3241,10716.5053,93.3,11240.4002,11811.0881,95.2,4716.9124,5336.6949,88.4,94,89,88.5
2016,96098,2164.8516,2421.4431,89.4,59.1749,65.0222,91,177.3224,201.3289,88.1,134.1305,153.131,87.6,0,0,0,137.1617,155.2986,88.3,0,0,0,1649.9352,1839.4097,89.7,1588.5171,1717.1314,92.5,576.3345,704.3117,81.8,86.7,86.6,83.7
2016,96099,1450.6196,1563.5619,92.8,174.9673,181.0767,96.6,192.2053,208.7131,92.1,51.0383,55.2879,92.3,0,0,0,42.3626,46.7549,90.6,0,0,0,989.0461,1070.6775,92.4,1051.5451,1125.494,93.4,399.0745,438.0679,91.1,92.7,89.9,91.3
2016,96101,729.7067,798.7366,91.4,47.3301,48.3301,97.9,160.101,176.4776,90.7,37.532,46.4996,80.7,0,0,0,46.74,51.7076,90.4,0,0,0,437.0036,474.7217,92.1,525.9875,556.5941,94.5,203.7192,242.1425,84.1,97.1,81.1,87
2016,96102,2426.9112,2569.8748,94.4,310.514,320.7253,96.8,403.1711,429.8961,93.8,91.6779,97.3462,94.2,0,0,0,87.0323,89.18,97.6,0,0,0,1532.5159,1629.7272,94,1652.576,1724.8655,95.8,774.3352,845.0093,91.6,97.9,92.3,91
2016,96103,1268.1748,1397.9435,90.7,7.401,7.401,100,238.483,255.9015,93.2,74.9236,79.4491,94.3,0,0,0,120.1737,129.9757,92.5,0,0,0,823.3041,921.2041,89.4,925.5636,1020.737,90.7,342.6112,377.2065,90.8,89.5,87.8,90.7
2016,96104,2168.6559,2446.5716,88.6,0,0,0,2142.8426,2412.3288,88.8,15.3931,16.3931,93.9,0,0,0,0,6.7363,53.9,0,0,0,6.7925,11.1134,61.1,1619.6009,1796.4129,90.2,549.055,650.1587,84.4,0,86.7,88.6
2016,96106,3789.2954,4109.4035,92.2,540.8903,566.4669,95.5,603.4295,677.4174,89.1,171.2331,181.5256,94.3,9.9304,9.9304,100,204.0938,223.2453,91.4,0,0,0,2258.7183,2449.8179,92.2,2745.8848,2854.6026,96.2,1043.4106,1254.8009,83.2,97.3,87.3,87.4
2016,96107,1126.5531,1209.8717,93.1,20.8378,20.8378,100,300.3753,321.5817,93.4,42.7774,44.9864,95.1,0,0,0,84.8663,90.6921,93.6,0,0,0,674.6963,728.7737,92.6,885.0487,928.817,95.3,241.5044,281.0547,85.9,97.1,91.4,90.3
2016,96109,2217.5244,2982.7098,74.3,0,0,0,2130.2044,2872.0188,74.2,36.9072,50.0431,73.8,0,0,0,12.5303,13.5303,92.6,0,0,0,32.2469,41.261,78.2,1862.9497,2415.4558,77.1,354.5747,567.254,62.5,91.4,72,75
2016,96110,5242.8177,6166.9918,85,111.2567,117.2849,94.9,2046.0524,2457.867,83.2,888.9626,1011.0605,87.9,10.0143,13.9467,71.8,446.7009,505.5016,88.4,7.3217,10.1513,72.1,1732.5091,2051.1798,84.5,4069.956,4495.4617,90.5,1172.8617,1671.5301,70.2,90.9,81.8,84.4
2016,96111,4317.4187,5129.6953,84.2,9.5738,10.8059,88.6,4233.9523,5032.8363,84.1,28.4845,30.8607,92.3,0,0,0,0,0,0,0,0,0,43.3577,53.142,81.6,3501.6329,4103.3564,85.3,815.7858,1026.3389,79.5,99.7,78.9,84.2
2016,96112,2334.7098,2755.3826,84.7,35.69,41.7362,85.5,1934.6101,2319.4662,83.4,72.9698,78.1951,93.3,0,5.3629,90.7,16.9961,21.4448,79.3,0,0,0,268.5809,288.1774,93.2,1795.2486,2004.6793,89.6,539.4612,750.7033,71.9,92.8,78.5,82
2016,96113,846.2794,924.25,91.6,28.4054,32.2116,88.2,176.6222,204.7495,86.3,52.15,54.15,96.3,0,0,0,47.0522,50.5733,93,0,0,0,540.1134,578.6294,93.3,615.2869,669.0718,92,230.9925,255.1782,90.5,93,86.3,86.6
2016,96114,4076.2948,4371.8968,93.2,87.8142,91.6293,95.8,574.9303,665.5157,86.4,96.991,109.6816,88.4,13.4284,15.4167,87.1,120.7829,130.7829,92.4,0,0,0,3180.348,3356.8706,94.7,2888.9977,3053.1237,94.6,1187.2971,1318.7731,90,89.9,89.7,85.4
2016,96119,1449.2952,1911.6182,75.8,14.7741,17.9432,82.3,750.0376,1002.3876,74.8,24.7081,36.3477,68,0,5.0717,57.1,24.3485,34.2215,71.1,0,0,0,629.8923,812.6114,77.5,299.7959,413.9399,72.4,1149.4993,1497.6783,76.8,0,73.6,71.9
2016,115115,19158.3622,21687.0571,88.3,538.2687,570.0842,94.4,15540.2852,17713.1277,87.7,745.1139,833.1858,89.4,42.6905,44.4836,96,0,0,0,0,0,0,2292.0039,2526.1758,90.7,14014.7944,15449.2186,90.7,5143.5678,6237.8385,82.5,92.4,83.8,88.3
2016,115906,2092.9259,2807.829,74.5,8,8,100,1719.3174,2397.3501,71.7,321.5509,345.6874,93,0,0,0,22.3793,29.2184,76.6,0,0,0,21.6783,27.5731,78.6,1910.0019,2342.9994,81.5,182.924,464.8296,39.4,93.4,65.4,74.5
2016,115914,729.6858,938.8309,77.7,0,0,0,715.0209,921.7104,77.6,13.6649,15.6649,87.2,0,0,0,0,0,0,0,0,0,0,0,0,729.6858,938.8309,77.7,0,0,0,0,80.3,77.7
2017,96088,14671.1062,17402.0164,84.3,146.7977,155.8311,94.2,11160.3814,13330.2012,83.7,294.3522,354.2914,83.1,23.7338,28.9825,81.9,236.8704,277.5042,85.4,18,21,85.7,2790.9707,3234.206,86.3,10652.2627,12150.1057,87.7,4018.8435,5251.9107,76.5,93,76.5,80.8
2017,96089,7786.5498,9673.0033,80.5,36.6813,40.7302,90.1,6412.9126,7994.5779,80.2,235.0594,282.4101,83.2,0,0,0,298.7715,377.9159,79.1,0,6.0667,65.9,796.1946,966.3615,82.4,5626.1732,6715.6158,83.8,2160.3766,2957.3875,73.1,86.3,73.9,80.5
2017,96090,5073.2901,5590.272,90.8,188.4981,201.7983,93.4,1620.8405,1800.3531,90,599.6257,663.4174,90.4,9.5162,10.9772,86.7,320.9795,358.2024,89.6,0,0,0,2330.4523,2550.8492,91.4,3669.2715,3946.5656,93,1404.0186,1643.7064,85.4,92.2,86.5,87.9
2017,96091,19134.343,20726.9972,92.3,1522.1953,1600.5663,95.1,1581.0075,1862.4773,84.9,633.5015,697.5793,90.8,31.5359,32.5176,97,508.1857,541.7587,93.8,9.9985,15.9974,62.5,14847.9186,15976.1006,92.9,12978.1702,13705.3825,94.7,6156.1728,7021.6147,87.7,93.6,88.7,83.5
2017,96092,5190.7836,5595.3943,92.8,99.1012,103.5468,95.7,581.8942,678.2434,85.8,168.4534,182.7897,92.2,6,6,100,263.6683,291.6521,90.4,0,0,0,4070.8094,4332.3052,94,3754.0593,3950.3696,95,1436.7243,1645.0247,87.3,93.2,88.4,82.1
2017,96093,6180.3939,6574.5929,94,275.4512,286.2492,96.2,151.4893,175.6233,86.3,243.2675,264.533,92,7.7192,7.7192,100,236.4655,258.2797,91.6,6.1926,9.1715,67.5,5259.8086,5573.017,94.4,4393.0502,4600.2384,95.5,1787.3437,1974.3545,90.5,95.5,89.4,86.2
2017,96094,9130.534,10008.3617,91.2,347.3514,362.6791,95.8,718.6038,849.3145,84.6,335.3026,368.3159,91,22.2557,23.2875,95.6,284.9259,327.9598,86.9,16.9998,16.9998,100,7405.0948,8059.8051,91.9,6415.6809,6951.7048,92.3,2714.8531,3056.6569,88.8,91.8,86.7,83.8
2017,96095,16029.6429,17223.604,93.1,2054.8465,2133.8239,96.3,2369.641,2656.0614,89.2,833.148,922.9998,90.3,22.524,25.7961,87.3,885.8261,949.2116,93.3,6,7.0174,85.5,9857.6573,10528.6938,93.6,11329.8528,11938.2631,94.9,4699.7901,5285.3409,88.9,94.7,89.2,87
2017,96098,2226.3615,2507.9631,88.8,59.9728,68.753,87.2,196.7088,225.9621,87.1,134.0595,155.1113,86.4,0,0,0,149.1992,172.5538,86.5,0,0,0,1681.2012,1880.1423,89.4,1619.9171,1772.152,91.4,606.4444,735.8111,82.4,88,85.6,82.8
2017,96099,1505.8279,1634.4178,92.1,200.3821,202.886,98.8,185.1449,214.6583,86.3,56.6723,65.9393,85.9,0,0,0,58.3636,62.5801,93.3,0,0,0,1003.9288,1086.2772,92.4,1093.7479,1191.7029,91.8,412.08,442.7149,93.1,92.3,88.8,90.7
2017,96101,715.0871,792.86,90.2,49.2704,51.165,96.3,150.0428,170.575,88,39.8179,46.6882,85.3,0,0,0,47.5071,52.3771,90.7,0,0,0,426.6874,470.2932,90.7,525.868,558.5212,94.2,189.2191,234.3388,80.7,100,80.4,81.6
2017,96102,2444.5974,2620.2595,93.3,314.1204,327.2015,96,394.2868,437.0757,90.2,103.7879,108.8869,95.3,0,0,0,109.0827,112.5476,96.9,0,0,0,1521.3342,1631.5624,93.2,1670.8351,1767.2227,94.5,773.7623,853.0368,90.7,95.1,88.5,86.1
2017,96103,1256.3925,1426.0111,88.1,9.56,9.56,100,261.0004,286.4224,91.1,83.2643,93.6105,88.9,0,0,0,124.5446,145.0132,85.9,0,0,0,775.0319,888.4137,87.2,910.6451,1042.6764,87.3,345.7474,383.3347,90.2,86.3,79.9,88.1
2017,96104,2137.105,2418.2133,88.4,0,0,0,2103.7613,2380.4601,88.4,21.5175,21.9715,97.9,0,0,0,0,0,0,0,0,0,9.2342,11.4526,80.6,1550.314,1741.8532,89,586.791,676.3601,86.8,100,85.8,88.4
2017,96106,3725.895,4092.0746,91.1,553.5638,582.1536,95.1,561.6556,653.7339,85.9,177.5428,190.9739,93,6.9703,8.9703,77.7,220.4943,233.8663,94.3,0,0,0,2205.0476,2421.756,91.1,2724.743,2853.1027,95.5,1001.152,1238.9719,80.8,95.2,85.7,84.5
2017,96107,1163.1531,1265.5086,91.9,24,26.2384,91.5,266.2944,289.3567,92,50.1457,55.8101,89.9,0,0,0,105.2113,115.868,90.8,0,0,0,714.5077,775.2414,92.2,905.1532,961.8219,94.1,257.9999,303.6867,85,94.2,89.3,87.7
2017,96109,2193.0379,2986.5358,73.4,0,5.2879,88.1,2090.2898,2853.9263,73.2,42.7099,60.8011,70.2,0,0,0,14.0685,19.3165,72.8,0,0,0,41.3132,47.204,87.5,1811.0423,2431.9449,74.5,381.9956,554.5909,68.9,82.9,68.4,73.7
2017,96110,5192.0327,6070.8587,85.5,107.6974,116.2161,92.7,2097.5045,2488.1593,84.3,945.8113,1079.4402,87.6,5.8809,12.533,46.9,410.8572,463.4385,88.7,7.885,12.993,60.7,1616.3964,1898.0786,85.2,3969.8081,4425.6992,89.7,1222.2246,1645.1595,74.3,89.7,81.6,84.9
2017,96111,4176.1427,5123.0124,81.5,6.417,7.7296,83,4101.7174,5036.969,81.4,25.9478,28.679,90.5,0,0,0,0,0,0,0,0,0,41.0605,48.2301,85.1,3371.7289,4054.5753,83.2,804.4138,1068.4371,75.3,100,73.6,81.5
2017,96112,2208.1982,2635.1623,83.8,26.367,26.9145,98,1793.2156,2168.6309,82.7,64.0216,77.8116,82.3,0,0,0,70.242,83.548,84.1,0,0,0,252.352,275.2573,91.7,1715.7904,1946.3917,88.2,492.4078,688.7706,71.5,91.2,76.8,83.8
2017,96113,779.5532,862.1599,90.4,24.4498,27.7795,88,168.5288,197.1451,85.5,37.4087,44.3916,84.3,0,0,0,47.0432,52.9102,88.9,0,0,0,501.848,539.5188,93,543.6905,597.4621,91,235.8627,264.6978,89.1,87.9,85.2,83.9
2017,96114,4017.4108,4362.7337,92.1,82.7466,87.0588,95,519.4053,608.9249,85.3,104.2759,121.7276,85.7,12.9465,16.9396,76.4,120.8803,137.2144,88.1,5.3449,5.3449,100,3171.8113,3385.5235,93.7,2855.9176,3041.464,93.9,1161.4932,1321.2697,87.9,95.1,87.3,82.2
2017,96119,1365.2396,1798.419,75.9,16.646,21.7374,76.6,680.4542,923.3089,73.7,18.717,24.9214,75.1,0,0,0,24.3096,33.6309,72.3,0,0,0,619.033,787.5238,78.6,299.3514,425.0822,70.4,1065.8882,1373.3368,77.6,0,73.2,72.9
2017,115115,18202.1094,21534.1271,84.5,505.7538,547.3598,92.4,14456.8531,17328.8699,83.4,757.3175,876.7661,86.4,35.6647,40.1187,88.9,0,0,0,0,0,0,2446.5203,2741.0126,89.3,13322.9868,15260.396,87.3,4879.1226,6273.7311,77.8,89.1,79.9,84.5
2017,115906,2090.2836,2580.0621,81,8.9829,8.9829,100,1699.5168,2166.0937,78.5,339.4241,357.0666,95.1,0,0,0,20.3103,24.6956,82.2,0,0,0,21.0552,22.229,94.7,1808.808,2126.2037,85.1,281.4756,453.8584,62,95.7,74.5,81
2017,115914,838.3901,1215.1719,69,0,0,0,825.3355,1192.445,69.2,11.3062,16.9336,66.8,0,0,0,0,0,0,0,0,0,0,0,0,838.3901,1215.1719,69,0,0,0,0,67.4,69
2018,96088,13535.134,16964.6681,79.8,144.1581,161.0136,89.5,10351.0898,13200.9244,78.4,308.0964,370.421,83.2,27.2376,29.4735,92.4,254.2456,303.78,83.7,25.841,29.5681,87.4,2424.4655,2869.4875,84.5,9991.8299,12020.8306,83.1,3543.3041,4943.8375,71.7,90.1,73.5,75.5
2018,96089,7986.4333,9618.1063,83,26.4396,27.9183,94.7,6548.8241,7985.3461,82,274.044,313.4471,87.4,0,6.057,72,328.9805,382.337,86,8.9576,9.9596,89.9,794.828,893.0412,89,5873.0178,6861.4529,85.6,2113.4155,2756.6534,76.7,92.8,76.9,83
2018,96090,5111.2256,5682.8097,89.9,189.0984,201.769,93.7,1655.1109,1842.4952,89.8,604.7117,692.5715,87.3,12.9962,14.9943,86.7,346.5683,388.0445,89.3,6.9981,8.9962,77.8,2295.742,2533.939,90.6,3743.1714,4031.1604,92.9,1368.0542,1651.6493,82.8,89.7,86.6,86.4
2018,96091,18801.7008,20721.5861,90.7,1605.8668,1740.5298,92.3,1490.8983,1795.5022,83,632.8734,713.9489,88.6,32.9263,33.1092,99.4,549.0207,602.1245,91.2,12.6191,16.8138,75.1,14477.4962,15819.5577,91.5,12945.3876,13768.6169,94,5856.3132,6952.9692,84.2,89.3,86.4,81
2018,96092,5269.6186,5646.7965,93.3,98.4444,101.3115,97.2,523.7659,622.4881,84.1,195.9792,210.4888,93.1,0,6.0578,74.4,283.1828,307.9608,92,0,0,0,4161.7393,4394.4895,94.7,3777.9139,4000.7484,94.4,1491.7047,1646.0481,90.6,96.3,89.6,82.3
2018,96093,6292.3371,6720.2701,93.6,280.8963,291.798,96.3,137.3816,163.3767,84.1,262.5399,282.4741,92.9,6.8185,6.8185,100,250.5663,273.563,91.6,0,5.1785,83.5,5349.8094,5697.0613,93.9,4494.5681,4714.9409,95.3,1797.769,2005.3292,89.6,93.9,89,85.7
2018,96094,8973.1873,9873.6089,90.9,358.6158,372.8897,96.2,660.3279,786.6531,83.9,335.634,372.3522,90.1,20.9784,24.9532,84.1,288.8917,343.6254,84.1,14.4675,15.1603,95.4,7294.272,7957.975,91.7,6379.1125,6914.6611,92.3,2594.0748,2958.9478,87.7,91.7,86.3,83.7
2018,96095,15870.9145,17346.3367,91.5,2080.9673,2191.2004,95,2335.1818,2699.7611,86.5,811.7527,903.7858,89.8,25.0573,30.3688,82.5,892.6547,989.1514,90.2,5.954,7.7429,76.9,9719.3467,10524.3263,92.4,11224.5808,12035.3447,93.3,4646.3337,5310.992,87.5,91.1,85.5,84.3
2018,96098,2196.9099,2485.9257,88.4,63.3896,72.0373,88,195.4246,216.642,90.2,120.0779,148.189,81,5,5,100,155.5984,181.4364,85.8,0,0,0,1656.4194,1861.621,89,1596.7689,1763.0379,90.6,600.141,722.8878,83,85.9,87,82.4
2018,96099,1482.8935,1642.1797,90.3,206.9328,210.953,98.1,185.2191,207.4201,89.3,61.3576,71.7842,85.5,0,0,0,56.2512,66.7593,84.3,0,0,0,973.1328,1084.507,89.7,1086.7025,1203.7134,90.3,396.191,438.4663,90.4,90.8,85.6,88
2018,96101,701.8673,774.8963,90.6,38.884,41.8678,92.9,142.151,164.2142,86.6,40.3439,45.3277,89,0,0,0,47.728,54.2657,88,0,0,0,430.7604,467.2209,92.2,508.9342,551.2454,92.3,192.9331,223.6509,86.3,88,80.3,85.5
2018,96102,2450.5951,2646.923,92.6,339.5244,355.9437,95.4,376.879,424.7202,88.7,101.6303,112.6681,90.2,0,0,0,138.0202,141.3047,97.7,0,0,0,1491.8321,1608.7168,92.7,1688.9654,1796.9082,94,761.6297,850.0148,89.6,90.6,87,85.1
2018,96103,1208.2571,1399.4718,86.3,10.9988,10.9988,100,254.7491,293.479,86.8,93.4245,100.7011,92.8,0,0,0,127.1771,153.036,83.1,0,0,0,719.2256,838.5749,85.8,875.5567,1023.0771,85.6,332.7004,376.3947,88.4,87.3,79.5,86.3
2018,96104,2043.0915,2445.592,83.5,0,0,0,2017.3849,2413.6557,83.6,17.6281,18.6281,94.6,0,0,0,0,0,0,0,0,0,6.7012,11.1437,60.1,1497.2718,1755.6544,85.3,545.8197,689.9376,79.1,100,79.4,83.5
2018,96106,3720.961,4178.5045,89.1,614.355,655.6593,93.7,545.546,637.9173,85.5,168.5772,204.0885,82.6,8,8.9468,89.4,239.57,258.5005,92.7,0,0,0,2144.9128,2413.3921,88.9,2758.4944,2940.5317,93.8,962.4666,1237.9728,77.7,92.1,84,81.8
2018,96107,1184.7248,1323.8758,89.5,28.9524,29.9524,96.7,247.4575,288.9293,85.6,52.2124,63.3744,82.4,0,0,0,120.0432,134.5279,89.2,0,0,0,735.0593,804.5874,91.4,921.875,1005.5773,91.7,262.8498,318.2985,82.6,91.9,89.2,84.9
2018,96109,2102.6465,3013.0676,69.8,5.6086,6.6057,84.9,1994.611,2860.3177,69.7,41.8407,61.0402,68.5,0,0,0,26.1762,40.6317,64.4,0,0,0,34.41,43.4723,79.2,1796.8556,2471.4103,72.7,305.7909,541.6573,56.5,89.1,65,69.9
2018,96110,5075.794,6141.7076,82.6,97.4004,105.3465,92.5,2110.2251,2580.9204,81.8,987.3784,1171.0275,84.3,7,9,77.8,390.8152,475.871,82.1,6.1482,6.2297,98.7,1476.8267,1793.3125,82.4,3836.8435,4454.6017,86.1,1238.9505,1687.1059,73.4,87.9,77.2,80.5
2018,96111,3660.1684,5231.234,70,8.2387,10.945,75.3,3587.4491,5134.716,69.9,23.2957,31.0276,75.1,0,0,0,0,0,0,0,0,0,40.1849,52.886,76,3057.7255,4085.05,74.9,602.4429,1146.184,52.6,95.8,63.2,70
2018,96112,2115.7768,2595.4426,81.5,32.5715,34.5715,94.2,1688.7419,2107.5864,80.1,77.0157,90.1017,85.5,0,0,0,65.5247,80.3027,81.6,0,0,0,250.923,279.459,89.8,1603.306,1897.5257,84.5,512.4708,697.9169,73.4,89.9,73.2,81.6
2018,96113,755.0256,834.6515,90.5,24.4829,28.5746,85.7,141.8771,178.3976,79.5,39.1188,44.2593,88.4,0,0,0,43.2833,49.2866,87.8,0,0,0,503.3039,531.1738,94.8,529.0827,572.0197,92.5,225.9429,262.6318,86,90.6,84.9,84.5
2018,96114,3992.0853,4422.7127,90.3,78.7103,79.8926,98.5,498.8776,595.7544,83.7,118.1502,134.2709,88,11.9571,13.9562,85.7,132.9177,146.4282,90.8,0,0,0,3146.4733,3447.4113,91.3,2873.7055,3107.2256,92.5,1118.3798,1315.4871,85,90.2,87.3,80.2
2018,96119,1367.6693,1789.2176,76.4,17.6907,20.6335,85.7,690.6292,931.5442,74.1,31.7921,41.8146,76,0,7.2154,67.4,26.008,36.7315,70.8,0,0,0,594.2104,748.7993,79.4,268.0027,414.1572,64.7,1099.6666,1375.0604,80,68.9,72.7,73.6
2018,115115,16457.5081,20475.0716,80.4,500.8529,536.525,93.4,12775.7832,16309.8726,78.3,824.5155,948.961,86.9,26.5638,33.2115,80,0,0,0,0,0,0,2329.7927,2646.5015,88,12118.3372,14500.2,83.6,4339.1709,5974.8716,72.6,89.5,74.8,80.4
2018,115906,1802.558,2245.7117,80.3,7,7.0747,98.9,1438.6492,1859.7949,77.4,321.5925,338.3295,95.1,0,0,0,5.4484,6.0053,90.7,0,0,0,29.638,33.49,88.5,1526.9681,1783.7447,85.6,275.5899,461.967,59.7,94.7,74.8,80.3
2018,115914,1137.9295,1656.8262,68.7,0,0,0,1124.3792,1637.8829,68.6,11.2078,12.2078,91.8,0,0,0,0,0,0,0,0,0,0,0,0,1052.6792,1552.1499,67.8,85.2503,104.6763,81.4,0,58.9,68.7
2019,96088,12924.2044,16594.9754,77.9,143.2797,159.7404,89.7,9993.548,13096.4918,76.3,329.5182,379.9005,86.7,24.6719,28.6548,86.1,283.9841,340.7881,83.3,25.834,32.4554,79.6,2123.3685,2556.9444,83,9591.9651,11797.6805,81.3,3332.2393,4797.2949,69.5,89.7,72.3,73.9
2019,96089,7215.8754,9472.1995,76.2,20.2255,24.9591,81,5923.2387,7852.1262,75.4,273.0289,341.1359,80,0,0,0,339.1656,436.9328,77.6,0,0,0,659.1059,814.1343,81,5579.8436,6903.4989,80.8,1636.0318,2568.7006,63.7,88,70.5,76.2
2019,96090,5234.2235,5877.9703,89,204.1999,214.1372,95.4,1713.9,1942.099,88.2,639.2499,716.2766,89.2,9.8603,13.7965,71.5,385.5225,440.3315,87.6,6.9968,8.2025,85.3,2274.4941,2543.127,89.4,3801.4256,4168.4622,91.2,1432.7979,1709.5081,83.8,91.1,85.6,85.1
2019,96091,18954.1564,20680.0423,91.7,1704.4284,1815.6457,93.9,1480.054,1726.5337,85.7,662.2598,723.5633,91.5,35.9906,35.9906,100,591.2338,653.936,90.4,11.845,14.4702,81.9,14468.3448,15709.9028,92.1,13028.5468,13784.7052,94.5,5925.6096,6895.3371,85.9,92.2,87.9,82.8
2019,96092,5383.6527,5701.579,94.4,93.9933,97.761,96.1,479.7404,569.9864,84.2,226.6213,239.7028,94.5,5.7952,5.7952,100,283.854,307.5422,92.3,0,0,0,4291.6485,4476.7914,95.9,3846.9727,4031.2359,95.4,1536.68,1670.3431,92,99.4,92.5,84.3
2019,96093,6289.0876,6775.0502,92.8,272.2314,289.7525,94,117.3974,145.3127,80.8,274.4564,294.3956,93.2,0,0,0,271.3005,292.0803,92.9,0,0,0,5346.7019,5745.5414,93.1,4424.7175,4687.4115,94.4,1864.3701,2087.6387,89.3,92.1,88.8,84.3
2019,96094,8841.6843,9705.966,91.1,367.5188,383.5544,95.8,638.1011,742.3491,86,333.4926,373.875,89.2,20.3192,22.5186,90.2,310.5463,370.3956,83.8,12.5522,14.8492,84.5,7159.1541,7798.4241,91.8,6272.2916,6814.8198,92,2569.3927,2891.1462,88.9,90.3,86.4,83.6
2019,96095,15730.7734,17265.3067,91.1,2133.8502,2281.936,93.5,2318.5586,2725.3976,85.1,804.0755,883.028,91.1,33.6413,41.3237,81.4,907.1958,1001.9123,90.5,0,0,0,9530.3025,10327.5873,92.3,11255.9657,12066.8553,93.3,4474.8077,5198.4514,86.1,89.4,86.2,83.4
2019,96098,2193.9376,2507.2793,87.5,70.7007,74.5897,94.8,173.917,211.0051,82.4,129.4336,152.4218,84.9,0,0,0,152.1291,188.8156,80.6,0,0,0,1666.0988,1878.7887,88.7,1597.3991,1780.3449,89.7,596.5385,726.9344,82.1,90.4,83.1,81.8
2019,96099,1507.8731,1643.2819,91.8,196.1677,204.0881,96.1,185.4658,200.8849,92.3,73.5467,81.9164,89.8,0,0,0,58.8032,72.4904,81.1,0,0,0,993.8897,1083.9021,91.7,1080.7343,1176.4257,91.9,427.1388,466.8562,91.5,90.2,89.9,89.7
2019,96101,704.4329,774.3665,91,45.9504,49.9504,92,135.2536,150.814,89.7,36.6979,45.5811,80.5,0,0,0,55.5641,61.7664,90,0,0,0,430.0342,465.3219,92.4,509.7862,552.7274,92.2,194.6467,221.6391,87.8,86.2,84,83.5
2019,96102,2456.1134,2630.7693,93.4,325.634,342.2571,95.1,351.4235,402.675,87.3,109.2861,120.7699,90.5,0,0,0,169.8392,174.7589,97.2,0,0,0,1497.9314,1588.3092,94.3,1656.3509,1745.9254,94.9,799.7625,884.8439,90.4,91.2,91.9,86.3
2019,96103,1176.1559,1386.7503,84.8,15.5549,16.2339,95.8,240.6935,285.9758,84.2,87.502,97.452,89.8,0,0,0,117.7154,144.0212,81.7,0,0,0,711.7232,840.1005,84.7,862.7757,1010.0658,85.4,313.3802,376.6845,83.2,86.4,81.2,84.9
2019,96104,1853.8596,2400.976,77.2,0,0,0,1833.855,2374.4814,77.2,10.9826,11.9652,91.8,0,0,0,0,0,0,0,0,0,7.022,11.5294,60.9,1388.4821,1722.1787,80.6,465.3775,678.7973,68.6,83.5,71.6,77.2
2019,96106,3698.883,4110.7314,90,634.7888,679.1196,93.5,534.9687,608.842,87.9,176.288,199.4503,88.4,6.7552,6.7552,100,257.8678,271.4536,95,0,0,0,2088.2145,2345.1107,89,2694.0776,2893.6705,93.1,1004.8054,1217.0609,82.6,94.3,85.4,83.2
2019,96107,1247.863,1373.7984,90.8,28,28,100,221.509,265.6951,83.4,58.4981,69.5921,84.1,0,0,0,135.7717,144.4522,94,0,0,0,803.0842,865.059,92.8,955.6431,1032.3554,92.6,292.2199,341.443,85.6,91.9,88.8,85.6
2019,96109,2090.9531,2977.113,70.2,6.1551,6.1551,100,1959.2981,2809.7967,69.7,48.3654,64.6813,74.8,0,0,0,40.6314,48.5309,83.7,0,0,0,36.5031,46.4628,78.6,1752.4855,2404.868,72.9,338.4676,572.245,59.1,86.1,65.8,70.2
2019,96110,4917.3891,6052.4803,81.2,96.7917,103.3431,93.7,1999.6225,2532.1709,79,1021.0267,1241.0567,82.3,6.453,11.6416,55.4,414.8474,513.9533,80.7,6.8933,7.8933,87.3,1371.7545,1642.4214,83.5,3732.6722,4428.0312,84.3,1184.7169,1624.4491,72.9,85.6,76.3,81.2
2019,96111,3511.4358,5215.5608,67.3,8.104,13.104,61.8,3447.242,5115.3842,67.4,19.8821,27.5623,72.1,0,0,0,0,0,0,0,0,0,34.9736,56.1097,62.3,2828.1513,4127.3187,68.5,683.2845,1088.2421,62.8,91.9,60.7,67.3
2019,96112,1926.3912,2483.7258,77.6,29.8754,32.9279,90.7,1490.4292,1971.3183,75.6,89.1328,98.0937,90.9,0,6.8325,71.2,70.2915,100.5917,69.9,0,0,0,241.7889,273.95,88.3,1484.0195,1825.5165,81.3,442.3717,658.2093,67.2,93,70.2,77.6
2019,96113,747.5356,847.9698,88.2,26.0589,30.974,84.1,132.3729,167.9544,78.8,37.8099,44.6442,84.7,0,0,0,41.5147,47.5094,87.4,0,0,0,505.9997,551.9547,91.7,529.8797,584.3134,90.7,217.6559,263.6564,82.6,82.9,83,79.9
2019,96114,4065.8176,4429.2748,91.8,67.3014,69.4698,96.9,477.6793,573.8661,83.2,138.7506,161.3192,86,8.9896,9.987,90,196.9891,209.7159,93.9,0,0,0,3176.1076,3404.9168,93.3,2897.3529,3078.6141,94.1,1168.4647,1350.6607,86.5,89.8,88.8,79
2019,96119,1403.2975,1817.9506,77.2,34.7674,37.8284,91.9,718.6138,944.4269,76.1,36.6298,47.3715,77.3,7.5774,9.639,78.6,26.8734,34.0082,79,0,0,0,576.1139,741.9548,77.6,277.4223,414.1465,67,1125.8752,1403.8041,80.2,82.1,72.4,74.7
2019,115115,14903.0469,19294.6424,77.2,526.2641,569.7631,92.4,11314.5239,15227.3168,74.3,856.8319,995.1131,86.1,18.3994,25.9018,71,0,0,0,0,0,0,2187.0276,2476.5476,88.3,11058.3588,13879.1846,79.7,3844.6881,5415.4578,71,87.9,71.4,77.2
2019,115906,2315.0506,2767.8151,83.6,6.9655,6.9655,100,1793.5994,2214.4043,81,352.4241,364.7402,96.6,0,0,0,17.9709,19.8956,90.3,0,0,0,143.2313,158.9425,90.1,1786.1483,1966.9374,90.8,528.9023,800.8777,66,96.8,80,83.6
2019,115914,1448.4048,1976.4457,73.3,0,0,0,1399.8492,1918.6397,73,31.6302,39.1173,80.9,0,0,0,9.8568,11.6201,84.8,0,0,0,6.0836,6.0836,100,1302.4575,1772.6358,73.5,145.9473,203.8099,71.6,78,66,73.3
2020,96088,12287.2879,16218.8881,75.8,130.1483,145.9416,89.2,9640.939,12974.6609,74.3,330.899,387.413,85.4,19.9318,23.9318,83.3,265.77,332.1907,80,32.2148,36.9031,87.3,1867.385,2317.847,80.6,9160.4469,11550.5617,79.3,3126.841,4668.3264,67,88.9,70.6,72.3
2020,96089,6490.0785,8998.2139,72.1,18.4562,22.2613,82.9,5321.2926,7468.5367,71.2,244.692,322.0422,76,6.6898,7.3812,90.6,324.0554,444.7952,72.9,0,5.7088,65,571.1837,727.4885,78.5,4891.7281,6471.0808,75.6,1598.3504,2527.1331,63.2,76.9,65,72.1
2020,96090,5118.8903,5924.6924,86.4,211.5229,230.993,91.6,1676.5114,1954.1446,85.8,657.5039,775.1913,84.8,7.8782,9.9193,79.4,419.4767,498.3034,84.2,5.8891,6.8891,85.5,2140.1081,2449.2517,87.4,3717.7641,4196.5515,88.6,1401.1262,1728.1409,81.1,86.8,83.9,80.7
2020,96091,18698.9464,20788.5878,89.9,1734.3376,1893.7662,91.6,1370.4069,1634.2673,83.9,693.1299,785.633,88.2,31.0667,32.9739,94.2,637.0891,712.3675,89.4,11.7255,13.6627,85.8,14221.1907,15715.9172,90.5,12672.5527,13739.9996,92.2,6026.3937,7048.5882,85.5,89.2,84.8,80.9
2020,96092,5329.3199,5792.814,92,90.9587,96.9587,93.8,443.9658,536.942,82.7,226.8493,253.2086,89.6,5,7.3504,68,274.3335,308.2667,89,0,0,0,4285.2126,4586.0876,93.4,3798.3542,4068.4753,93.4,1530.9657,1724.3387,88.8,92.4,89.4,81.7
2020,96093,6405.4038,6951.6524,92.1,277.8033,306.8201,90.5,133.4325,154.8491,86.2,294.3924,320.6176,91.8,0,0,0,281.3955,304.2423,92.5,0,0,0,5411.3801,5858.1233,92.4,4565.4827,4881.3021,93.5,1839.9211,2070.3503,88.9,86.8,88.1,80.9
2020,96094,8664.0629,9723.8603,89.1,353.4344,376.4977,93.9,608.4179,743.2007,81.9,320.1816,368.2257,87,22.2372,23.2125,95.8,320.1645,382.2207,83.8,15,15,100,7024.6273,7815.503,89.9,6136.2458,6817.8061,90,2527.8171,2906.0542,87,87.9,85.5,80.9
2020,96095,15442.1216,17315.9808,89.2,2139.6271,2321.7077,92.2,2219.6404,2707.9561,82,810.4515,910.1665,89,40.2561,49.6578,81.1,914.0811,1027.7416,88.9,7.9816,9.7872,81.6,9310.0838,10288.9639,90.5,10945.3636,12062.4018,90.7,4496.758,5253.579,85.6,89.3,83.1,79.7
2020,96098,2183.0238,2528.5943,86.3,67.9086,70.9086,95.8,195.0089,232.4318,83.9,121.557,157.0045,77.4,0,0,0,171.2326,205.7855,83.2,0,0,0,1626.3167,1861.4639,87.4,1605.002,1797.9098,89.3,578.0218,730.6845,79.1,87.1,83,80.2
2020,96099,1495.8796,1678.962,89.1,201.3244,213.2043,94.4,176.9202,200.4046,88.3,71.8434,88.9798,80.7,0,0,0,62.6645,72.3787,86.6,0,0,0,983.1271,1102.9946,89.1,1072.4271,1197.8768,89.5,423.4525,481.0852,88,89.4,84.5,87.1
2020,96101,672.7961,752.6882,89.4,45.5848,49.7983,91.5,111.6786,133.3475,83.8,38.6007,40.6007,95.1,0,0,0,58.6006,63.5927,92.1,0,0,0,417.3314,464.349,89.9,487.9629,538.5198,90.6,184.8332,214.1684,86.3,95,78.3,79.6
2020,96102,2389.7748,2592.1245,92.2,319.5993,335.5656,95.2,336.9812,378.0345,89.1,101.0651,113.5644,89,0,0,0,172.1811,180.8434,95.2,0,0,0,1457.9717,1582.1402,92.2,1588.9058,1709.7191,92.9,800.869,882.4054,90.8,93.3,90.4,86.2
2020,96103,1159.8774,1366.6989,84.9,16.3604,17.7161,92.3,249.1022,300.1179,83,83.7457,93.8991,89.2,0,0,0,117.3963,141.358,83,0,0,0,691.2732,810.6645,85.3,818.9472,958.1369,85.5,340.9302,408.562,83.4,89.9,80.7,84.9
2020,96104,1846.9233,2372.8425,77.8,0,0,0,1820.7582,2342.2505,77.7,14.2239,14.9649,95,0,0,0,5.4371,5.4371,100,0,0,0,5.5041,7.5041,73.3,1332.7295,1703.9252,78.2,514.1938,668.9173,76.9,0,72.8,77.8
2020,96106,3732.9402,4212.8825,88.6,654.1556,706.9789,92.5,548.9208,633.0326,86.7,179.3048,211.3523,84.8,5,5.8059,86.1,261.3294,288.3414,90.6,0,0,0,2084.2296,2367.3714,88,2626.2843,2920.7724,89.9,1106.6559,1292.1101,85.6,90.4,85.2,80.5
2020,96107,1270.9013,1419.7601,89.5,25.7447,26.5725,96.9,209.8014,247.5325,84.8,67.8126,78.1995,86.7,0,0,0,132.0954,151.7088,87.1,0,0,0,833.4877,913.7873,91.2,975.0761,1053.543,92.6,295.8252,366.2171,80.8,89.4,86.5,85.2
2020,96109,2005.4882,2900.8665,69.1,0,0,0,1852.9008,2677.9644,69.2,52.5476,75.7208,69.4,0,6.8014,41.4,55.7636,89.7495,62.1,0,0,0,39.5242,47.6958,82.9,1672.4119,2315.1561,72.2,333.0763,585.7104,56.9,78.8,64.7,69.1
2020,96110,4774.5303,6184.6589,77.2,86.7544,98.1453,88.4,1913.5685,2556.7965,74.8,1103.5063,1396.2151,79,7.5855,14.0207,54.1,383.3145,526.9841,72.7,5.1949,7.3318,70.9,1274.6062,1585.1654,80.4,3663.9416,4555.8217,80.4,1110.5887,1628.8372,68.2,81.9,70.8,77.2
2020,96111,3459.9152,5312.9817,65.1,9.9916,14.3697,69.5,3366.6791,5180.317,65,44.425,61.6428,72.1,0,0,0,0,0,0,0,0,0,37.8195,54.0019,70,2765.2509,4208.4728,65.7,694.6643,1104.5089,62.9,83.9,60.7,65.1
2020,96112,1840.9952,2413.9649,76.3,23.7256,24.3464,97.5,1406.385,1908.8478,73.7,97.5861,110.7385,88.1,0,0,0,71.1486,96.4239,73.8,0,0,0,239.15,270.3464,88.5,1426.1463,1775.5181,80.3,414.8489,638.4468,65,93.1,71.5,76.3
2020,96113,700.5701,802.246,87.3,26.272,29.1109,90.2,127.8112,158.5728,80.6,41.3209,51.1818,80.7,0,0,0,37.0169,45.0014,82.3,0,0,0,465.3096,512.6616,90.8,505.6969,563.1421,89.8,194.8732,239.1039,81.5,87,79,80.2
2020,96114,4048.7047,4431.9197,91.4,58.2549,62.2549,93.6,446.2446,525.2027,85,141.724,168.1233,84.3,9.8562,9.8562,100,210.2055,237.6154,88.5,0,0,0,3181.513,3427.9607,92.8,2880.6061,3088.4146,93.3,1168.0986,1343.5051,86.9,78.8,89.1,80.4
2020,96119,1408.9043,1901.424,74.1,33.0148,44.4774,74.2,725.3153,996.1025,72.8,47.6031,63.316,75.2,7.7264,9.1357,84.6,23.582,32.6535,72.2,0,0,0,568.4267,751.9399,75.6,259.8489,421.5294,61.6,1149.0554,1479.8946,77.6,67.5,69.6,71.3
2020,115115,14132.8568,18907.428,74.7,481.9517,534.4215,90.2,10683.8686,14838.8903,72,862.2897,1080.3146,79.8,18.0267,22.2425,81,0,0,0,0,0,0,2086.7201,2431.5591,85.8,10426.4079,13520.4144,77.1,3706.4489,5387.0136,68.8,84.3,68.4,74.7
2020,115906,1821.0069,2659.3958,68.5,5.638,5.638,100,1349.4527,2092.4564,64.5,350.9051,406.8713,86.2,0,0,0,19.7967,31.9637,61.9,0,0,0,92.9392,119.0865,78,1366.7026,1894.2789,72.1,454.3043,765.1169,59.4,87.3,65.3,68.5
2020,115914,1626.8352,2307.3494,70.5,0,0,0,1566.7448,2227.1231,70.3,40.7883,50.4356,80.9,0,0,0,5.7718,10.7089,53.9,0,0,0,10.6331,15.6464,68,1399.9721,1993.9818,70.2,226.8631,313.3676,72.4,82.8,68,70.7
2021,96088,13236.4792,13757.3113,96.2,111.8166,113.671,98.4,10653.6823,11070.9805,96.2,376.4992,393.1265,95.8,17.945,20.2809,88.5,269.9282,276.6788,97.6,28.6291,33.3508,85.8,1777.9788,1849.2228,96.1,9288.7878,9602.0923,96.7,3947.6914,4155.219,95,96.3,94.3,95.5
2021,96089,7702.3152,7921.988,97.2,17.1465,17.1465,100,6378.6379,6568.6115,97.1,284.2776,291.7793,97.4,9.6947,9.6947,100,415.5922,423.1323,98.2,6.9063,6.9063,100,590.06,604.7174,97.6,5611.5081,5690.903,98.6,2090.8071,2231.085,93.7,97.8,96.3,97.2
2021,96090,4141.8503,5718.7641,72.4,174.6366,212.5394,82.2,1314.7741,1915.4056,68.6,493.3935,704.2255,70.1,6.8011,8.9593,75.9,356.9482,535.3694,66.7,0,5,80,1791.2968,2337.2649,76.6,3089.8083,4008.1481,77.1,1052.042,1710.616,61.5,73.9,66.6,63.2
2021,96091,15497.8104,19317.5976,80.2,1624.0573,1786.1216,90.9,941.008,1460.6783,64.4,591.1951,767.7628,77,27.6632,31.1031,88.9,598.8186,720.8954,83.1,10.8727,13.2672,82,11704.1955,14537.7692,80.5,10773.684,12685.139,84.9,4724.1264,6632.4586,71.2,82.2,77,64.3
2021,96092,5069.4951,5580.3674,90.8,66.5238,70.2791,94.7,404.3317,505.7384,79.9,221.0762,252.9873,87.4,0,6.94,71.2,281.8012,312.1554,90.3,0,0,0,4088.2753,4427.7203,92.3,3495.9574,3910.3701,89.4,1573.5377,1669.9973,94.2,85.5,88.5,76.6
2021,96093,5974.4287,6641.7084,90,271.4318,287.9769,94.3,140.7432,160.3237,87.8,306.8456,344.3373,89.1,0,0,0,285.8731,313.9136,91.1,6.898,6.898,100,4959.6541,5524.276,89.8,4435.6964,4725.7449,93.9,1538.7323,1915.9635,80.3,90.6,87.3,80.3
2021,96094,7572.8421,9038.6822,83.8,298.4635,345.0102,86.5,468.9206,632.8173,74.1,270.083,338.0935,79.9,18.1527,18.1527,100,347.2909,440.743,78.8,10.4097,12.3616,84.2,6159.5217,7251.5039,84.9,5442.8894,6325.1895,86.1,2129.9527,2713.4927,78.5,81.9,80.2,72.8
2021,96095,13330.5327,15824.1379,84.2,2049.211,2172.5962,94.3,1735.5779,2449.6994,70.8,676.1793,838.8305,80.6,42.515,50.3255,84.5,850.3656,981.18,86.7,7.8582,12.5035,62.8,7968.8257,9319.0028,85.5,9821.3056,11252.4756,87.3,3509.2271,4571.6623,76.8,85.7,77.9,68.8
2021,96098,2223.0698,2304.1676,96.5,74.2368,76.7242,96.8,197.4054,212.6917,92.8,138.0792,147.2307,93.8,0,0,0,174.5601,186.2614,93.7,0,0,0,1636.0041,1678.4754,97.5,1631.2988,1644.8142,99.2,591.771,659.3534,89.8,96.9,95.7,94
2021,96099,1356.3472,1579.0522,85.9,190.2098,211.8213,89.8,142.4103,170.3919,83.6,67.2952,87.4026,77,0,0,0,62.6733,74.2911,84.4,0,0,0,892.8186,1032.2821,86.5,957.8523,1108.2602,86.4,398.4949,470.792,84.6,83.6,81.4,82.7
2021,96101,639.4816,712.061,89.8,51.2855,57.2412,89.6,82.2154,107.0728,76.8,34.5171,40.2834,85.7,0,0,0,53.0399,59.0059,89.9,0,0,0,417.468,447.502,93.3,462.6191,516.3882,89.6,176.8625,195.6728,90.4,91.7,88.9,72.3
2021,96102,2341.0849,2488.5949,94.1,288.5619,296.5619,97.3,298.8895,343.0741,87.1,100.8726,104.6106,96.4,0,0,0,172.5333,183.5333,94,0,0,0,1478.2276,1558.815,94.8,1502.1651,1588.7598,94.5,838.9198,899.8351,93.2,100,89.4,81.2
2021,96103,695.8692,1053.0767,66.1,13.3966,15.9701,83.9,142.5592,241.6794,59,52.7198,80.9959,65.1,0,0,0,56.875,91.7271,62,0,0,0,430.3186,621.7042,69.2,478.7038,736.0302,65,217.1654,317.0465,68.5,75.8,67.8,66.1
2021,96104,2155.1552,2155.1552,100,0,0,0,2112.8465,2112.8465,100,25.3485,25.3485,100,0,0,0,8.8527,8.8527,100,0,0,0,0,0,0,1542.7401,1542.7401,100,612.4151,612.4151,100,100,100,100
2021,96106,3232.8258,4024.2417,80.3,609.13,675.9155,90.1,467.0804,586.7838,79.6,151.8414,197.3473,76.9,5.5805,6.5409,85.3,250.9981,305.6233,82.1,0,0,0,1747.2554,2251.0909,77.6,2334.7852,2759.5985,84.6,898.0406,1264.6432,71,89.5,76.5,73.7
2021,96107,804.1374,1108.1368,72.6,14.0208,16.0208,87.5,118.8794,205.7597,57.8,44.1134,61.9905,71.2,0,0,0,92.7051,135.6665,68.3,0,0,0,534.4187,688.6993,77.6,555.0311,748.78,74.1,249.1063,359.3568,69.3,83,64.2,60.9
2021,96109,1615.909,1796.6955,89.9,0,0,0,1491.9637,1657.5736,90,41.307,48.9993,84.3,0,0,0,61.3872,65.8584,93.2,0,0,0,16.7788,18.7919,89.3,1082.3815,1263.168,85.7,533.5275,533.5275,100,92.5,86.3,88.6
2021,96110,3427.6605,5510.3451,62.2,72.5405,89.238,81.3,1347.6253,2321.563,58,858.4047,1326.6082,64.7,0,9.1142,9.6,281.4929,464.4808,60.6,0,5.4702,69.7,862.9053,1293.8707,66.7,2752.9107,3935.2837,70,674.7498,1575.0614,42.8,66.7,55.6,62.2
2021,96111,1874.3739,4756.5172,39.4,0,11.1759,29.6,1811.5541,4623.5048,39.2,34.233,69.2349,49.4,0,0,0,0,0,0,0,0,0,25.277,51.6106,49,1579.8114,3720.7503,42.5,294.5625,1035.7669,28.4,51.8,38,39.4
2021,96112,1625.642,2059.8276,78.9,17.1688,19.1688,89.6,1241.5758,1604.935,77.4,80.019,102.1576,78.3,0,0,0,66.0443,90.5253,73,0,0,0,219.2633,241.4701,90.8,1057.1789,1491.3645,70.9,568.4631,568.4631,100,80.7,75.5,78.9
2021,96113,643.5495,696.9407,92.3,28.2124,28.2124,100,95.6617,120.6906,79.3,38.5033,43.9726,87.6,0,0,0,42.0609,42.3889,99.2,0,0,0,437.1112,458.1402,95.4,503.5099,524.6048,96,140.0396,172.3359,81.3,96.3,86,83.6
2021,96114,3737.6647,4101.6097,91.1,42.5527,43.5527,97.7,355.2824,454.5675,78.2,142.362,161.848,88,7.8754,9.8754,79.7,212.4332,246.3353,86.2,0,0,0,2976.159,3184.4308,93.5,2646.232,2833.6501,93.4,1091.4327,1267.9596,86.1,89.1,88.2,74.3
2021,96119,1255.6451,1523.4899,82.4,29.3038,31.7086,92.4,638.0905,783.9983,81.4,64.3598,76.7076,83.9,0,5.3785,83.4,31.8204,38.6254,82.4,0,0,0,485.3522,584.4662,83,276.9957,355.7548,77.9,978.6494,1167.7351,83.8,92.2,80,79.4
2021,115115,9132.0813,18172.3787,50.3,395.3438,498.6519,79.3,6301.6825,14271.6179,44.2,574.6564,1053.8951,54.5,10.397,19.238,54,88.1509,113.848,77.4,0,0,0,1761.8507,2215.1278,79.5,7095.618,13073.7594,54.3,2036.4633,5098.6193,39.9,61.5,43.8,50.2
2021,115906,1256.9052,2315.2029,54.3,0,5.4582,69.1,921.11,1787.9872,51.5,236.9919,385.8363,61.4,0,0,0,27.4067,36.7482,74.6,0,0,0,66.389,97.9382,67.8,858.4623,1720.4237,49.9,398.4429,594.7792,67,61.1,54.8,54.3
2021,115914,2035.7706,2415.5885,84.3,0,0,0,1955.205,2318.2256,84.3,58.7886,69.3302,84.8,0,0,0,6.437,8.8846,72.5,0,0,0,10.58,13.9288,76,1589.3867,1969.2046,80.7,446.3839,446.3839,100,84.6,84,84.3
2022,96088,8946.6837,15152.7234,59,79.1165,113.7484,69.6,7018.08,12205.1298,57.5,343.7077,508.8014,67.6,20.9883,33.4611,62.7,369.597,570.2129,64.8,14.3599,20.4558,70.2,1100.8343,1700.914,64.7,6746.2633,10535.9257,64,2200.4204,4616.7977,47.7,75.7,55,53.5
2022,96089,4438.1188,8588.593,51.7,10.0653,15.5731,64.6,3588.0094,7166.9446,50.1,185.1228,331.8819,55.8,0,9.7951,40.7,258.7732,483.0501,53.6,0,8.3196,44.5,388.4571,573.0286,67.8,3387.6447,6099.3549,55.5,1050.4741,2489.2381,42.2,56.4,47.1,51.7
2022,96090,4395.1394,5764.1793,76.2,173.1036,204.1356,84.8,1486.8297,1971.1622,75.4,518.3619,716.5267,72.3,0,9,33.3,410.0804,591.991,69.3,0,0,0,1799.7638,2267.2464,79.4,3141.6606,3998.543,78.6,1253.4788,1765.6363,71,75.6,72.1,64.6
2022,96091,15487.5999,19932.8592,77.7,1664.6415,1981.5452,84,844.7965,1407.1275,60,621.398,873.7793,71.1,29.8423,40.3313,74,583.2624,756.138,77.1,8.0446,15.4226,52.2,11735.6146,14858.5153,79,10570.0109,13291.6854,79.5,4917.589,6641.1738,74,74.5,69.8,58.1
2022,96092,4800.214,5723.9924,83.9,63.7879,69.0918,92.3,333.416,516.1161,64.6,215.1628,266.6488,80.7,0,5,60,289.6903,348.7399,83.1,0,0,0,3893.157,4515.3958,86.2,3539.2397,4032.8694,87.8,1260.9743,1691.123,74.6,76.2,78.6,60.2
2022,96093,6009.5318,6958.5518,86.4,282.4596,298.2543,94.7,117.7738,155.4923,75.7,309.3055,378.6459,81.7,0,0,0,268.6173,339.8946,79,7,7,100,5022.3969,5775.286,87,4300.078,4858.5324,88.5,1709.4538,2100.0194,81.4,83.9,80,65.9
2022,96094,7632.6454,9614.8,79.4,339.5868,384.2635,88.4,499.2724,743.4914,67.2,281.8725,357.1327,78.9,19.9764,20.9764,95.2,283.4818,417.8845,67.8,11.3516,13.3516,85,6197.1039,7677.6999,80.7,5287.1691,6649.51,79.5,2345.4763,2965.29,79.1,73,71.6,61.7
2022,96095,13851.683,16562.4229,83.6,1983.9039,2273.0835,87.3,1817.1341,2576.0893,70.5,709.6778,894.1553,79.4,47.2486,54.2486,87.1,896.1267,1069.0967,83.8,6.8346,10.4623,65.3,8390.7573,9685.2872,86.6,9944.6294,11564.337,86,3907.0536,4998.0859,78.2,82.9,76.2,63.5
2022,96098,1631.4847,2350.313,69.4,77.4974,95.0314,81.5,141.8936,205.5393,69,92.0756,152.5641,60.4,0,0,0,121.6336,192.0111,63.3,0,0,0,1195.3845,1702.1245,70.2,1203.1761,1671.722,72,428.3086,678.591,63.1,72.6,60.2,56.2
2022,96099,1389.5548,1684.8522,82.5,200.3654,222.1471,90.2,140.2962,176.9887,79.3,77.5775,109.1692,71.1,0,0,0,67.2334,94.0886,71.5,0,0,0,902.0823,1080.4586,83.5,968.7054,1169.2148,82.9,420.8494,515.6374,81.6,81.9,77.9,79.7
2022,96101,646.9602,734.3564,88.1,58.6881,67.6871,86.7,88.3561,103.1674,85.6,34.6365,39.6268,87.4,0,0,0,45.8937,60.4689,75.9,0,0,0,419.3858,463.4062,90.5,479.0709,531.2545,90.2,167.8893,203.1019,82.7,90.8,80.1,77.4
2022,96102,2043.9283,2316.7073,88.2,261.1263,280.9706,92.9,251.6823,318.3169,79.1,81.6085,92.3733,88.3,0,0,0,157.3912,180.1747,87.4,0,0,0,1288.2383,1440.9901,89.4,1366.5182,1528.2978,89.4,677.4101,788.4095,85.9,88.8,81.9,70
2022,96103,704.3887,1111.9102,63.3,10.7325,10.7325,100,156.6401,277.5097,56.4,59.9297,94.0971,63.7,0,0,0,63.3375,109.5541,57.8,0,0,0,412.2068,618.0222,66.7,532.0796,842.9435,63.1,172.3091,268.9667,64.1,65.5,57.8,63.3
2022,96104,1178.2496,2265.6041,52,0,0,0,1149.9131,2220.4037,51.8,9.0002,15.4967,58.1,0,0,0,10.2932,15.075,68.3,0,0,0,6.6421,12.2277,54.3,863.2699,1624.9275,53.1,314.9797,640.6766,49.2,0,55.5,52
2022,96106,3366.4296,4094.0994,82.2,629.0339,697.855,90.1,438.5937,590.3852,74.3,151.5422,202.123,75,6,8.8778,67.6,271.1893,319.9532,84.8,0,0,0,1869.0705,2273.9052,82.2,2465.7487,2848.4409,86.6,900.6809,1245.6585,72.3,82.4,74.8,65.2
2022,96107,1031.456,1393.3102,74,19.0432,23.0429,82.6,126.6558,229.2816,55.2,65.02,89.6909,72.5,0,0,0,115.4386,164.291,70.3,0,0,0,703.8834,884.5888,79.6,768.9332,1006.6692,76.4,262.5228,386.641,67.9,78.7,68.1,56.6
2022,96109,1115.304,2595.3756,43,0,0,0,1002.3559,2369.5246,42.3,45.6319,93.4471,48.8,0,0,0,49.9322,97.2652,51.3,0,0,0,16.862,28.8772,58.4,965.4799,2015.0893,47.9,149.8241,580.2863,25.8,52.7,44.3,0
2022,96110,3406.0127,5920.2458,57.5,67.3971,81.4522,82.7,1339.705,2507.5522,53.4,948.1184,1534.0514,61.8,0,10.8969,18.3,271.9189,489.9477,55.5,0,5.902,66.9,772.9246,1290.4434,59.9,2691.6932,4311.8928,62.4,714.3195,1608.353,44.4,63.7,52.2,57.5
2022,96111,1662.8544,4788.8862,34.7,0,0,0,1610.1873,4645.17,34.7,27.2364,86.2801,31.6,0,0,0,0,0,0,0,0,0,24.4307,50.744,48.1,1392.4058,3752.418,37.1,270.4486,1036.4682,26.1,57,32.8,31.9
2022,96112,1167.2357,2305.7413,50.6,13.2894,13.2894,100,817.301,1792.6171,45.6,66.1757,130.4776,50.7,0,0,0,57.5742,104.055,55.3,0,0,0,210.9015,260.3083,81,878.6984,1680.7533,52.3,288.5373,624.988,46.2,48.1,41.6,50.6
2022,96113,551.2715,695.8585,79.2,19.1658,24.7622,77.4,77.4206,120.5028,64.2,35.2781,45.6617,77.3,0,0,0,37.0378,47.431,78.1,0,0,0,380.5966,453.9696,83.8,391.8468,484.4172,80.9,159.4247,211.4413,75.4,83,74.3,62.6
2022,96114,3615.433,4208.3429,85.9,44.1429,47.8035,92.3,294.8995,437.5805,67.4,138.3567,168.3022,82.2,5.7853,7.2552,79.7,213.7792,259.0589,82.5,0,0,0,2917.4694,3286.5472,88.8,2591.7701,2899.1348,89.4,1023.6629,1309.2081,78.2,82.1,79.9,59.4
2022,96119,938.1748,1461.2973,64.2,27.0991,38.286,70.8,421.4801,722.0071,58.4,40.1799,62.225,64.6,0,5.8148,49.2,25.7261,47.5441,54.1,0,0,0,417.2842,581.5113,71.8,180.7229,319.0914,56.6,757.4519,1142.2059,66.3,54.7,63.8,56.9
2022,115115,7714.3104,16645.8544,46.3,326.4084,441.5626,73.9,5289.5718,12902.5778,41,536.5657,1117.1383,48,9.6687,26.0713,37.1,97.365,148.7721,65.4,0,0,0,1454.7308,2009.7323,72.4,5882.4608,11878.5706,49.5,1831.8496,4767.2838,38.4,54.9,37.2,46.3
2022,115906,951.4472,2182.7244,43.6,0,8.468,58.1,660.5633,1662.798,39.7,203.8193,356.7574,57.1,0,0,0,15.3701,38.6667,39.8,0,0,0,66.7778,114.1291,58.5,687.4967,1495.5758,46,263.9505,687.1486,38.4,56.9,43.8,43.6
2022,115914,1299.4545,2524.2522,51.5,0,0,0,1236.4311,2419.2235,51.1,42.8167,70.4448,60.8,0,0,0,0,9.3588,25.8,0,0,0,14.8529,19.9467,74.5,1039.5422,1990.5353,52.2,259.9123,533.7169,48.7,72.5,49.1,51.5
2023,96088,8638.7065,14958.9068,57.7,76.2028,113.8197,67,6797.1852,12085.5872,56.2,363.3292,544.2231,66.8,17.1476,28.7027,59.7,422.6679,670.3742,63,7.6,14.2952,53.2,954.5738,1501.9047,63.6,6595.9897,10443.9614,63.2,2042.7168,4514.9454,45.2,73.8,52.9,52.9
2023,96089,4810.9984,8585.8642,56,5.509,9.893,55.7,3972.1032,7217.7794,55,200.148,349.2855,57.3,7.3311,13.5575,54.1,282.8613,480.1832,58.9,0,5.4505,71,339.1768,509.7151,66.5,3623.1105,6046.3197,59.9,1187.8879,2539.5445,46.8,61.4,52.4,56.1
2023,96090,4416.7259,5815.06,76,164.1914,204.1342,80.4,1553.4222,2050.0326,75.8,541.3608,764.3444,70.8,0,8.8825,51.3,456.9984,618.0708,73.9,0,0,0,1692.6568,2165.0885,78.2,3170.8814,4018.6775,78.9,1245.8445,1796.3825,69.4,73.8,70.9,68.8
2023,96091,15953.4349,19478.6125,81.9,1695.5556,1995.5339,85,862.5941,1320.6367,65.3,717.9874,919.4749,78.1,13.4365,20.6513,65.1,625.282,777.001,80.5,5.8786,11.6515,50.5,12032.7007,14433.6632,83.4,11095.9189,13080.244,84.8,4857.516,6398.3685,75.9,77.4,74.1,64.7
2023,96092,4959.6329,5684.8296,87.2,65.1169,71.4187,91.2,358.0231,494.3923,72.4,217.3186,272.536,79.7,7,7.2845,96.1,312.9657,368.5724,84.9,0,0,0,3996.2086,4466.6257,89.5,3647.2683,4076.7946,89.5,1312.3646,1608.035,81.6,85.6,81.7,68.1
2023,96093,5915.9074,6950.9686,85.1,289.057,310.6444,93.1,120.1177,166.9159,72,310.8326,402.098,77.3,0,0,0,270.2164,344.0208,78.5,5.9486,5.9486,100,4917.1056,5717.8016,86,4272.3091,4888.3267,87.4,1643.5983,2062.6419,79.7,79.8,79.1,68.7
2023,96094,7776.1863,9660.6125,80.5,334.2732,387.9863,86.2,546.9337,769.3999,71.1,273.9122,367.4183,74.6,18.998,21.9979,86.4,304.1554,417.6595,72.8,8.1649,11.1885,73,6289.7489,7684.9621,81.8,5335.561,6655.499,80.2,2440.6253,3005.1135,81.2,75.5,74.5,68
2023,96095,13440.9831,16216.2495,82.9,1865.0267,2178.9721,85.6,1818.6475,2504.1957,72.6,713.7875,913.958,78.1,39.7369,52.8501,75.2,883.4857,1072.4271,82.4,6.6864,8.8884,75.2,8113.6124,9484.9581,85.5,9611.3143,11260.1094,85.4,3829.6688,4956.1401,77.3,81.9,74.8,67.1
2023,96098,1712.0415,2378.8449,72,87.6478,111.5688,78.6,139.8124,217.7725,64.2,112.9363,159.7586,70.7,0,0,0,119.6521,184.5011,64.9,0,0,0,1249.9929,1703.2439,73.4,1278.924,1697.8748,75.3,433.1175,680.9701,63.6,72.6,65,59.2
2023,96099,1371.0664,1691.591,81.1,183.9881,202.2146,91,148.1743,180.0489,82.3,83.0169,115.9068,71.6,0,0,0,80.0193,109.6626,73,0,0,0,872.8678,1079.0146,80.9,961.0808,1174.0105,81.9,409.9856,517.5805,79.2,79.7,73.7,77.5
2023,96101,573.8233,696.4682,82.4,43.929,52.9683,82.9,73.717,100.5984,73.3,25.3605,36.6227,69.2,0,0,0,51.3502,69.2555,74.1,0,0,0,378.4666,436.0233,86.8,438.7903,515.5585,85.1,135.033,180.9097,74.6,65.8,77.5,71.1
2023,96102,1958.9661,2257.9095,86.8,249.3585,277.4607,89.9,260.7508,309.2788,84.3,84.5065,97.2162,86.9,0,0,0,163.4221,187.6889,87.1,0,0,0,1198.1682,1383.5049,86.6,1350.9834,1527.1642,88.5,607.9827,730.7453,83.2,85.3,79.9,79.9
2023,96103,760.5388,1156.2267,65.8,11.3694,14.5028,78.4,180.3488,274.1553,65.8,67.4301,110.2008,61.2,0,0,0,78.9412,112.9663,69.9,0,0,0,420.4493,641.4479,65.5,516.3675,790.6246,65.3,244.1713,365.6021,66.8,65.1,63.3,65.8
2023,96104,1106.3998,2209.4275,50.1,0,0,0,1082.8682,2155.0739,50.2,6.3065,17.2589,36.5,0,0,0,10.701,22.0066,48.6,0,0,0,0,12.1599,29.6,842.0571,1584.9857,53.1,264.3427,624.4418,42.3,81.4,54.2,50.1
2023,96106,3459.6092,4170.4544,83,646.3355,719.2275,89.9,472.7381,606.4538,78,160.6835,201.8757,79.6,0,0,0,301.3524,351.6529,85.7,0,0,0,1872.5602,2285.305,81.9,2520.802,2918.6801,86.4,938.8072,1251.7743,75,84.9,79,72.5
2023,96107,1034.0572,1341.9587,77.1,17.6753,21.8205,81,143.8773,215.7093,66.7,66.5763,83.0312,80.2,0,0,0,116.4907,155.0504,75.1,0,0,0,687.4376,864.3473,79.5,760.9684,958.1615,79.4,273.0888,383.7972,71.2,86.5,74,66.1
2023,96109,1283.86,2712.5161,47.3,0,0,0,1151.4496,2458.1681,46.8,51.2409,115.8769,44.2,0,7.8931,38.7,56.0653,100.9427,55.5,0,0,0,21.6114,29.1991,74,1083.8134,2038.0276,53.2,200.0466,674.4885,29.7,46.1,46.6,47.3
2023,96110,3573.8507,5973.0285,59.8,65.6325,73.7462,89,1443.7982,2506.9752,57.6,973.6514,1647.7699,59.1,0,7.7618,0,309.6916,516.2812,60,0,7.7754,61.5,776.2957,1212.7188,64,2825.0332,4293.6031,65.8,748.8175,1679.4254,44.6,59.5,56.8,59.8
2023,96111,1868.4497,4833.0609,38.7,0,0,0,1807.5754,4684.726,38.6,36.7579,92.8829,39.6,0,7.0662,16.9,0,0,0,0,0,0,22.9212,46.1474,49.7,1569.839,3687.2635,42.6,298.6107,1145.7974,26.1,39.9,36.7,38.7
2023,96112,1355.0498,2385.8992,56.8,20.2136,23.82,84.9,958.6881,1820.1564,52.7,88.8514,151.1445,58.8,0,5.5593,64.2,71.7587,124.6757,57.6,0,0,0,211.6028,260.1796,81.3,1046.0352,1700.3116,61.5,309.0146,685.5876,45.1,59.7,54.7,56.8
2023,96113,549.7334,682.0813,80.6,15.6537,17.1759,91.1,72.2231,100.3222,72,40.6358,53.4748,76,0,0,0,39.3489,49.0983,80.1,0,0,0,380.4192,460.5574,82.6,388.9063,477.9803,81.4,160.8271,204.101,78.8,78.7,74.8,67.8
2023,96114,3539.6008,4117.2539,86,37.6506,45.3894,83,259.0832,379.4564,68.3,153.4393,180.0896,85.2,7.6122,7.6122,100,239.6767,291.8193,82.1,0,0,0,2842.1388,3212.887,88.5,2537.9715,2873.0165,88.3,1001.6293,1244.2374,80.5,79.3,80.8,68
2023,96119,809.5436,1409.8995,57.4,27.8468,42.7781,65.1,331.728,692.2126,47.9,36.8763,59.0586,62.4,0,6.732,48.1,20.9852,41.8425,50.2,0,0,0,386.8904,565.2569,68.4,160.4989,335.4922,47.8,649.0447,1074.4073,60.4,62.2,57.2,46.9
2023,115115,7964.6687,16125.9869,49.4,302.6776,428.1798,70.7,5477.2101,12325.4493,44.4,619.3266,1232.1073,50.3,16.3063,29.833,54.7,112.5036,189.6157,59.3,0,0,0,1434.1475,1916.3647,74.8,6167.9868,11512.1555,53.6,1796.6819,4613.8314,38.9,55.4,42.6,49.4
2023,115906,1009.9082,2132.5652,47.4,0,5.5137,63.7,689.2868,1582.3544,43.6,241.2188,405.1093,59.5,0,0,0,12.185,24.794,49.1,0,0,0,62.4254,113.5153,55,735.685,1480.2953,49.7,274.2232,652.2699,42,59.9,43.8,47.4
2023,115914,1021.7151,2343.3549,43.6,0,0,0,970.164,2247.6718,43.2,36.1052,58.0727,62.2,0,0,0,6.2249,17.5763,35.4,0,0,0,9.221,17.0341,54.1,900.3834,1861.7475,48.4,121.3317,481.6074,25.2,71.6,40.1,43.6
