YEAR,COUNTY_DISTRICT_CODE,ENROLLMENT_GRADES_K_12,DISCIPLINE_INCIDENTS,DISCIPLINE_INCIDENT_RATE,DISCIPLINE_ALCOHOL,DISCIPLINE_ALCOHOL_RATE,DISCIPLINE_DRUG,DISCIPLINE_DRUG_RATE,DISCIPLINE_OTHER,DISCIPLINE_OTHER_RATE,DISCIPLINE_TOBACCO,DISCIPLINE_TOBACCO_RATE,DISCIPLINE_VIOLENCE,DISCIPLINE_VIOLENCE_RATE,DISCIPLINE_WEAPON,DISCIPLINE_WEAPON_RATE,DISCIPLINE_REMOVAL_IN_SCHL_SUSP,DISCIPLINE_REMOVAL_IN_SCHL_SUSP_RATE,DISCIPLINE_REMOVAL_OUT_SCHL_SUSP,DISCIPLINE_REMOVAL_OUT_SCHL_SUSP_RATE,DISCIPLINE_REMOVAL_EXPULSION,DISCIPLINE_EXPULSION_RATE,DISCIPLINE_MORE_10_DAYS,DISCIPLINE_MORE_10_DAYS_RATE
2001,96088,18889,333,1.8,0,0,34,0.2,229,1.2,0,0,64,0.3,6,0,0,0,316,1.7,15,0.1,183,1
2001,96089,11830,87,0.7,5,0,19,0.2,15,0.1,0,0,43,0.4,0,0,0,0,72,0.6,0,0,59,0.5
2001,96090,6579,12,0.2,0,0,0,0,0,0,0,0,0,0,0,0,0,0,11,0.2,0,0,0,0
2001,96091,21546,169,0.8,0,0,52,0.2,100,0.5,0,0,0,0,14,0.1,86,0.4,74,0.3,6,0,122,0.6
2001,96092,5061,35,0.7,0,0,9,0.2,10,0.2,0,0,14,0.3,0,0,5,0.1,30,0.6,0,0,5,0.1
2001,96093,5294,76,1.4,0,0,20,0.4,26,0.5,0,0,20,0.4,8,0.2,0,0,76,1.4,0,0,49,0.9
2001,96094,12056,179,1.5,6,0,44,0.4,66,0.5,0,0,55,0.5,7,0.1,0,0,179,1.5,0,0,121,1
2001,96095,20231,382,1.9,27,0.1,48,0.2,256,1.3,0,0,31,0.2,17,0.1,0,0,143,0.7,10,0.1,289,1.4
2001,96098,2627,48,1.8,0,0,7,0.3,37,1.4,0,0,0,0,0,0,0,0,48,1.8,0,0,13,0.5
2001,96099,1489,19,1.3,0,0,6,0.4,7,0.5,0,0,0,0,0,0,0,0,19,1.3,0,0,0,0
2001,96101,929,7,0.8,0,0,0,0,5,0.5,0,0,0,0,0,0,0,0,6,0.6,0,0,0,0
2001,96102,2442,20,0.8,0,0,5,0.2,8,0.3,0,0,0,0,0,0,0,0,20,0.8,0,0,8,0.3
2001,96103,1738,18,1,8,0.5,0,0,6,0.3,0,0,0,0,0,0,0,0,18,1,0,0,6,0.3
2001,96104,3294,43,1.3,0,0,0,0,7,0.2,0,0,26,0.8,8,0.2,0,0,42,1.3,0,0,0,0
2001,96106,3247,18,0.6,0,0,8,0.2,0,0,0,0,8,0.2,0,0,0,0,18,0.6,0,0,0,0
2001,96107,1083,11,1,0,0,0,0,0,0,0,0,8,0.7,0,0,0,0,11,1,0,0,0,0
2001,96109,5603,51,0.9,0,0,0,0,20,0.4,0,0,23,0.4,0,0,0,0,49,0.9,0,0,0,0
2001,96110,6590,0,0,0,0,0,0,0,0,0,0,0,0,0,0,0,0,0,0,0,0,0,0
2001,96111,7587,16,0.2,0,0,0,0,0,0,0,0,8,0.1,5,0.1,0,0,16,0.2,0,0,0,0
2001,96112,4392,126,2.9,0,0,12,0.3,68,1.5,0,0,40,0.9,5,0.1,0,0,122,2.8,0,0,14,0.3
2001,96113,1064,17,1.6,0,0,5,0.5,0,0,0,0,9,0.8,0,0,0,0,17,1.6,0,0,9,0.8
2001,96114,4230,57,1.3,0,0,13,0.3,15,0.4,0,0,14,0.3,14,0.3,0,0,48,1.1,0,0,29,0.7
2001,96119,2358,70,3,0,0,8,0.3,42,1.8,0,0,13,0.6,5,0.2,0,0,70,3,0,0,0,0
2001,115115,41988,172,0.4,0,0,23,0.1,11,0,0,0,121,0.3,17,0,33,0.1,139,0.3,0,0,0,0
2002,96088,18941,276,1.5,0,0,11,0.1,156,0.8,0,0,92,0.5,15,0.1,6,0,267,1.4,0,0,75,0.4
2002,96089,11922,44,0.4,0,0,0,0,24,0.2,0,0,16,0.1,0,0,0,0,44,0.4,0,0,21,0.2
2002,96090,6462,35,0.5,19,0.3,0,0,8,0.1,0,0,7,0.1,0,0,0,0,30,0.5,5,0.1,14,0.2
2002,96091,21644,99,0.5,0,0,31,0.1,60,0.3,0,0,0,0,0,0,77,0.4,20,0.1,0,0,0,0
2002,96092,5136,129,2.5,0,0,37,0.7,48,0.9,0,0,39,0.8,0,0,0,0,125,2.4,0,0,0,0
2002,96093,5316,111,2.1,0,0,17,0.3,34,0.6,0,0,50,0.9,6,0.1,69,1.3,42,0.8,0,0,71,1.3
2002,96094,11920,192,1.6,10,0.1,21,0.2,81,0.7,0,0,63,0.5,15,0.1,105,0.9,87,0.7,0,0,85,0.7
2002,96095,20130,410,2,16,0.1,63,0.3,287,1.4,6,0,22,0.1,16,0.1,0,0,323,1.6,0,0,318,1.6
2002,96098,2637,62,2.4,0,0,12,0.5,44,1.7,0,0,0,0,0,0,0,0,62,2.4,0,0,0,0
2002,96099,1494,0,0,0,0,0,0,0,0,0,0,0,0,0,0,0,0,0,0,0,0,0,0
2002,96101,932,0,0,0,0,0,0,0,0,0,0,0,0,0,0,0,0,0,0,0,0,0,0
2002,96102,2442,8,0.3,0,0,0,0,0,0,0,0,0,0,0,0,0,0,8,0.3,0,0,0,0
2002,96103,1800,41,2.3,0,0,0,0,25,1.4,0,0,13,0.7,0,0,0,0,41,2.3,0,0,16,0.9
2002,96104,3252,75,2.3,0,0,0,0,28,0.9,0,0,31,1,13,0.4,0,0,75,2.3,0,0,66,2
2002,96106,3229,16,0.5,0,0,7,0.2,7,0.2,0,0,0,0,0,0,0,0,16,0.5,0,0,0,0
2002,96107,1113,20,1.8,0,0,0,0,9,0.8,0,0,7,0.6,0,0,0,0,20,1.8,0,0,13,1.2
2002,96109,5494,122,2.2,0,0,0,0,51,0.9,0,0,64,1.2,0,0,0,0,121,2.2,0,0,13,0.2
2002,96110,6299,146,2.3,0,0,19,0.3,66,1,0,0,44,0.7,16,0.3,0,0,146,2.3,0,0,0,0
2002,96111,7716,76,1,0,0,8,0.1,0,0,0,0,53,0.7,14,0.2,0,0,0,0,0,0,0,0
2002,96112,4308,72,1.7,0,0,0,0,31,0.7,0,0,27,0.6,9,0.2,0,0,71,1.6,0,0,0,0
2002,96113,1058,44,4.2,0,0,8,0.8,25,2.4,0,0,8,0.8,0,0,0,0,44,4.2,0,0,19,1.8
2002,96114,4145,63,1.5,0,0,18,0.4,10,0.2,0,0,28,0.7,5,0.1,0,0,63,1.5,0,0,15,0.4
2002,96119,2032,49,2.4,0,0,11,0.5,28,1.4,0,0,10,0.5,0,0,0,0,49,2.4,0,0,0,0
2002,115115,40868,280,0.7,0,0,35,0.1,179,0.4,0,0,53,0.1,8,0,72,0.2,200,0.5,0,0,0,0
2003,96088,19266,575,5.4,0,0,41,0.4,314,2.9,21,0.2,183,1.7,15,0.1,0,0,574,5.4,0,0,318,3
2003,96089,11949,113,1.5,0,0,5,0.1,82,1.1,0,0,23,0.3,0,0,0,0,110,1.4,0,0,49,0.6
2003,96090,6066,226,3.7,17,0.3,32,0.5,174,2.9,0,0,0,0,0,0,0,0,226,3.7,0,0,7,0.1
2003,96091,21894,108,0.7,14,0.1,43,0.3,34,0.2,7,0,0,0,0,0,87,0.6,15,0.1,0,0,0,0
2003,96092,5101,54,2.5,0,0,23,1.1,14,0.6,0,0,16,0.7,0,0,0,0,54,2.5,0,0,11,0.5
2003,96093,5289,73,1.4,0,0,16,0.3,26,0.5,0,0,27,0.5,0,0,49,0.9,24,0.5,0,0,52,1
2003,96094,11799,163,1.4,7,0.1,42,0.4,52,0.4,0,0,56,0.5,0,0,0,0,155,1.3,0,0,98,0.8
2003,96095,19928,375,3.6,20,0.2,65,0.6,264,2.5,6,0.1,15,0.1,5,0,0,0,285,2.7,5,0.1,274,2.6
2003,96098,2571,56,2.2,0,0,10,0.4,45,1.8,0,0,0,0,0,0,0,0,56,2.2,0,0,0,0
2003,96099,1487,11,0.9,0,0,0,0,7,0.6,0,0,0,0,0,0,0,0,11,0.9,0,0,0,0
2003,96101,868,0,0,0,0,0,0,0,0,0,0,0,0,0,0,0,0,0,0,0,0,0,0
2003,96102,2478,0,0,0,0,0,0,0,0,0,0,0,0,0,0,0,0,0,0,0,0,0,0
2003,96103,1802,46,2.6,0,0,6,0.3,10,0.6,0,0,24,1.3,6,0.3,0,0,45,2.5,0,0,0,0
2003,96104,3131,99,3.2,0,0,5,0.2,58,1.9,0,0,26,0.8,10,0.3,0,0,99,3.2,0,0,78,2.5
2003,96106,3272,52,1.6,0,0,7,0.2,43,1.3,0,0,0,0,0,0,0,0,52,1.6,0,0,0,0
2003,96107,1062,18,1.7,0,0,6,0.6,6,0.6,0,0,5,0.5,0,0,0,0,18,1.7,0,0,5,0.5
2003,96109,5502,176,4.4,0,0,0,0,114,2.8,0,0,60,1.5,0,0,0,0,172,4.3,0,0,25,0.6
2003,96110,6322,225,3.6,0,0,29,0.5,134,2.1,0,0,46,0.7,14,0.2,0,0,225,3.6,0,0,15,0.2
2003,96111,7778,55,1.3,0,0,9,0.2,0,0,0,0,31,0.7,13,0.3,0,0,55,1.3,0,0,0,0
2003,96112,4190,77,3.5,0,0,5,0.2,58,2.7,0,0,0,0,11,0.5,0,0,77,3.5,0,0,35,1.6
2003,96113,1048,40,3.8,0,0,0,0,24,2.3,0,0,11,1,0,0,0,0,39,3.7,0,0,11,1
2003,96114,4116,58,1.7,0,0,9,0.3,18,0.5,0,0,20,0.6,7,0.2,0,0,58,1.7,0,0,7,0.2
2003,96119,2184,45,2.1,0,0,7,0.3,30,1.4,0,0,6,0.3,0,0,8,0.4,37,1.7,0,0,0,0
2003,115115,39916,119,0.6,0,0,16,0.1,61,0.3,0,0,38,0.2,0,0,0,0,117,0.6,0,0,0,0
2004,96088,19311,766,4,0,0,65,0.3,633,3.3,12,0.1,12,0.1,40,0.2,0,0,747,3.9,9,0.1,106,0.5
2004,96089,12081,248,2.1,0,0,9,0.1,126,1,0,0,103,0.9,8,0.1,0,0,247,2,0,0,118,1
2004,96090,5946,250,4.2,0,0,55,0.9,124,2.1,0,0,63,1.1,5,0.1,11,0.2,233,3.9,6,0.1,24,0.4
2004,96091,22034,115,0.5,0,0,37,0.2,48,0.2,0,0,27,0.1,0,0,90,0.4,24,0.1,0,0,83,0.4
2004,96092,5109,107,2.1,0,0,36,0.7,40,0.8,0,0,25,0.5,6,0.1,6,0.1,101,2,0,0,8,0.2
2004,96093,5437,86,1.6,6,0.1,17,0.3,34,0.6,0,0,26,0.5,0,0,62,1.1,22,0.4,0,0,74,1.4
2004,96094,11727,365,3.1,18,0.2,66,0.6,132,1.1,0,0,142,1.2,7,0.1,0,0,365,3.1,0,0,37,0.3
2004,96095,19578,464,2.4,11,0.1,57,0.3,356,1.8,0,0,27,0.1,12,0.1,0,0,456,2.3,0,0,339,1.7
2004,96098,2526,43,1.7,0,0,5,0.2,30,1.2,0,0,0,0,0,0,0,0,43,1.7,0,0,0,0
2004,96099,1550,18,1.2,0,0,0,0,5,0.3,0,0,8,0.5,0,0,0,0,18,1.2,0,0,0,0
2004,96101,856,0,0,0,0,0,0,0,0,0,0,0,0,0,0,0,0,0,0,0,0,0,0
2004,96102,2547,0,0,0,0,0,0,0,0,0,0,0,0,0,0,0,0,0,0,0,0,0,0
2004,96103,1816,53,2.9,0,0,6,0.3,18,1,0,0,24,1.3,5,0.3,0,0,53,2.9,0,0,0,0
2004,96104,3246,82,2.5,0,0,11,0.3,30,0.9,0,0,27,0.8,14,0.4,0,0,82,2.5,0,0,71,2.2
2004,96106,3204,20,0.6,0,0,6,0.2,0,0,0,0,9,0.3,0,0,0,0,20,0.6,0,0,0,0
2004,96107,1013,32,3.2,0,0,8,0.8,6,0.6,0,0,15,1.5,0,0,0,0,32,3.2,0,0,19,1.9
2004,96109,5257,208,4,0,0,13,0.2,118,2.2,0,0,64,1.2,12,0.2,0,0,204,3.9,0,0,0,0
2004,96110,6174,201,3.3,0,0,21,0.3,80,1.3,0,0,78,1.3,21,0.3,0,0,201,3.3,0,0,0,0
2004,96111,7877,389,4.9,6,0.1,21,0.3,109,1.4,0,0,231,2.9,21,0.3,0,0,389,4.9,0,0,134,1.7
2004,96112,3974,42,1.1,0,0,0,0,31,0.8,0,0,0,0,10,0.3,0,0,35,0.9,0,0,0,0
2004,96113,1061,32,3,0,0,7,0.7,17,1.6,0,0,6,0.6,0,0,0,0,31,2.9,0,0,17,1.6
2004,96114,4186,67,1.6,9,0.2,19,0.5,19,0.5,0,0,11,0.3,9,0.2,26,0.6,41,1,0,0,22,0.5
2004,96119,2047,44,2.1,0,0,6,0.3,31,1.5,0,0,5,0.2,0,0,0,0,44,2.1,0,0,0,0
2004,115115,38374,412,1.1,0,0,53,0.1,133,0.3,0,0,200,0.5,26,0.1,0,0,349,0.9,61,0.2,69,0.2
2005,96088,19315,791,4.1,0,0,51,0.3,710,3.7,0,0,0,0,28,0.1,0,0,788,4.1,0,0,134,0.7
2005,96089,12220,725,5.9,0,0,31,0.3,338,2.8,0,0,320,2.6,36,0.3,0,0,719,5.9,0,0,615,5
2005,96090,5690,241,4.2,0,0,39,0.7,134,2.4,0,0,54,0.9,9,0.2,6,0.1,224,3.9,6,0.1,59,1
2005,96091,21871,250,1.1,32,0.1,43,0.2,160,0.7,0,0,8,0,5,0,79,0.4,171,0.8,0,0,95,0.4
2005,96092,5027,100,2,7,0.1,22,0.4,40,0.8,0,0,25,0.5,5,0.1,5,0.1,95,1.9,0,0,5,0.1
2005,96093,5488,105,1.9,8,0.1,17,0.3,38,0.7,0,0,41,0.7,0,0,84,1.5,19,0.3,0,0,91,1.7
2005,96094,11649,251,2.2,0,0,35,0.3,112,1,0,0,84,0.7,16,0.1,0,0,250,2.1,0,0,9,0.1
2005,96095,18994,523,2.8,25,0.1,56,0.3,400,2.1,0,0,26,0.1,14,0.1,0,0,520,2.7,0,0,343,1.8
2005,96098,2481,54,2.2,5,0.2,7,0.3,41,1.7,0,0,0,0,0,0,0,0,54,2.2,0,0,0,0
2005,96099,1596,59,3.7,0,0,0,0,21,1.3,0,0,32,2,0,0,0,0,53,3.3,0,0,20,1.3
2005,96101,812,0,0,0,0,0,0,0,0,0,0,0,0,0,0,0,0,0,0,0,0,0,0
2005,96102,2558,10,0.4,0,0,0,0,8,0.3,0,0,0,0,0,0,0,0,10,0.4,0,0,5,0.2
2005,96103,1878,19,1,0,0,0,0,10,0.5,0,0,0,0,0,0,0,0,18,1,0,0,0,0
2005,96104,3227,127,3.9,0,0,0,0,44,1.4,0,0,68,2.1,12,0.4,0,0,127,3.9,0,0,90,2.8
2005,96106,3293,32,1,5,0.2,0,0,6,0.2,0,0,16,0.5,0,0,0,0,32,1,0,0,0,0
2005,96107,1001,35,3.5,0,0,0,0,7,0.7,0,0,21,2.1,0,0,0,0,34,3.4,0,0,17,1.7
2005,96109,5289,317,6,0,0,30,0.6,133,2.5,0,0,135,2.6,16,0.3,0,0,316,6,0,0,8,0.2
2005,96110,6101,257,4.2,0,0,35,0.6,113,1.9,5,0.1,86,1.4,18,0.3,0,0,257,4.2,0,0,7,0.1
2005,96111,7981,575,7.2,0,0,11,0.1,130,1.6,0,0,422,5.3,12,0.2,0,0,575,7.2,0,0,92,1.2
2005,96112,3784,127,3.4,7,0.2,5,0.1,73,1.9,0,0,28,0.7,14,0.4,0,0,127,3.4,0,0,48,1.3
2005,96113,1018,27,2.7,0,0,0,0,23,2.3,0,0,0,0,0,0,7,0.7,20,2,0,0,19,1.9
2005,96114,4105,77,1.9,0,0,9,0.2,29,0.7,0,0,29,0.7,6,0.1,19,0.5,58,1.4,0,0,31,0.8
2005,96119,2079,64,3.1,0,0,15,0.7,22,1.1,0,0,26,1.3,0,0,0,0,63,3,0,0,13,0.6
2005,115115,36045,1511,4.2,0,0,0,0,1469,4.1,0,0,36,0.1,5,0,14,0,1427,4,70,0.2,25,0.1
2006,96088,19556,463,2.4,0,0,0,0,463,2.4,0,0,0,0,0,0,0,0,463,2.4,0,0,77,0.4
2006,96089,12319,1035,8.4,6,0,26,0.2,952,7.7,0,0,0,0,51,0.4,16,0.1,1019,8.3,0,0,769,6.2
2006,96090,5776,285,4.9,6,0.1,37,0.6,175,3,0,0,58,1,9,0.2,7,0.1,277,4.8,0,0,0,0
2006,96091,22047,249,1.1,34,0.2,44,0.2,134,0.6,0,0,29,0.1,8,0,83,0.4,166,0.8,0,0,116,0.5
2006,96092,4995,103,2.1,0,0,31,0.6,71,1.4,0,0,0,0,0,0,0,0,103,2.1,0,0,0,0
2006,96093,5501,86,1.6,8,0.1,6,0.1,68,1.2,0,0,0,0,0,0,0,0,84,1.5,0,0,55,1
2006,96094,11308,335,3,13,0.1,28,0.2,267,2.4,0,0,8,0.1,17,0.2,129,1.1,206,1.8,0,0,147,1.3
2006,96095,18787,275,1.5,8,0,36,0.2,226,1.2,0,0,0,0,5,0,0,0,262,1.4,9,0.1,215,1.1
2006,96098,2507,59,2.4,0,0,12,0.5,43,1.7,0,0,0,0,0,0,0,0,59,2.4,0,0,0,0
2006,96099,1574,24,1.5,0,0,0,0,20,1.3,0,0,0,0,0,0,0,0,22,1.4,0,0,13,0.8
2006,96101,816,17,2.1,0,0,0,0,12,1.5,0,0,0,0,0,0,0,0,17,2.1,0,0,0,0
2006,96102,2460,13,0.5,0,0,0,0,7,0.3,0,0,0,0,0,0,0,0,13,0.5,0,0,0,0
2006,96103,1779,42,2.4,0,0,0,0,33,1.9,0,0,0,0,0,0,0,0,42,2.4,0,0,0,0
2006,96104,3264,209,6.4,0,0,0,0,183,5.6,0,0,0,0,20,0.6,0,0,207,6.3,0,0,7,0.2
2006,96106,3357,29,0.9,0,0,12,0.4,12,0.4,0,0,0,0,0,0,0,0,29,0.9,0,0,11,0.3
2006,96107,971,16,1.6,0,0,6,0.6,0,0,0,0,8,0.8,0,0,0,0,16,1.6,0,0,10,1
2006,96109,5233,437,8.4,0,0,19,0.4,261,5,0,0,155,3,0,0,0,0,435,8.3,0,0,20,0.4
2006,96110,6154,33,0.5,0,0,5,0.1,25,0.4,0,0,0,0,0,0,0,0,33,0.5,0,0,0,0
2006,96111,8032,752,9.4,0,0,34,0.4,271,3.4,0,0,437,5.4,9,0.1,5,0.1,747,9.3,0,0,404,5
2006,96112,3608,66,1.8,0,0,0,0,66,1.8,0,0,0,0,0,0,0,0,66,1.8,0,0,0,0
2006,96113,963,45,4.7,0,0,0,0,40,4.2,0,0,0,0,0,0,12,1.2,32,3.3,0,0,13,1.3
2006,96114,4068,36,0.9,0,0,0,0,26,0.6,0,0,0,0,0,0,0,0,32,0.8,0,0,7,0.2
2006,96119,2105,84,4,0,0,6,0.3,72,3.4,0,0,0,0,0,0,25,1.2,58,2.8,0,0,26,1.2
2006,115115,35361,2224,6.3,0,0,0,0,2224,6.3,0,0,0,0,0,0,52,0.1,2154,6.1,18,0.1,12,0
2007,96088,19297,820,4.2,0,0,0,0,802,4.2,0,0,0,0,12,0.1,0,0,820,4.2,0,0,285,1.5
2007,96089,12231,912,7.5,0,0,0,0,912,7.5,0,0,0,0,0,0,22,0.2,890,7.3,0,0,596,4.9
2007,96090,5544,202,3.6,5,0.1,33,0.6,127,2.3,0,0,20,0.4,15,0.3,0,0,196,3.5,0,0,93,1.7
2007,96091,22245,285,1.3,16,0.1,57,0.3,151,0.7,0,0,41,0.2,20,0.1,72,0.3,213,1,0,0,142,0.6
2007,96092,4986,180,3.6,0,0,53,1.1,127,2.5,0,0,0,0,0,0,20,0.4,160,3.2,0,0,61,1.2
2007,96093,5597,86,1.5,0,0,17,0.3,66,1.2,0,0,0,0,0,0,0,0,86,1.5,0,0,44,0.8
2007,96094,11083,247,2.2,0,0,34,0.3,183,1.7,0,0,7,0.1,19,0.2,87,0.8,160,1.4,0,0,125,1.1
2007,96095,18432,304,1.6,19,0.1,49,0.3,222,1.2,0,0,0,0,14,0.1,0,0,296,1.6,6,0,247,1.3
2007,96098,2500,46,1.8,0,0,15,0.6,31,1.2,0,0,0,0,0,0,0,0,45,1.8,0,0,0,0
2007,96099,1585,34,2.1,0,0,0,0,28,1.8,0,0,0,0,0,0,0,0,34,2.1,0,0,15,0.9
2007,96101,787,0,0,0,0,0,0,0,0,0,0,0,0,0,0,0,0,0,0,0,0,0,0
2007,96102,2538,9,0.4,0,0,0,0,5,0.2,0,0,0,0,0,0,0,0,8,0.3,0,0,0,0
2007,96103,1773,51,2.9,0,0,6,0.3,43,2.4,0,0,0,0,0,0,0,0,51,2.9,0,0,0,0
2007,96104,3314,289,8.7,0,0,12,0.4,256,7.7,0,0,5,0.2,15,0.5,0,0,288,8.7,0,0,0,0
2007,96106,3522,15,0.4,0,0,9,0.3,5,0.1,0,0,0,0,0,0,0,0,13,0.4,0,0,5,0.1
2007,96107,1024,0,0,0,0,0,0,0,0,0,0,0,0,0,0,0,0,0,0,0,0,0,0
2007,96109,5037,369,7.3,0,0,14,0.3,346,6.9,0,0,0,0,9,0.2,0,0,367,7.3,0,0,26,0.5
2007,96110,6247,48,0.8,0,0,7,0.1,27,0.4,0,0,0,0,14,0.2,0,0,48,0.8,0,0,0,0
2007,96111,7738,38,0.5,0,0,0,0,0,0,0,0,0,0,37,0.5,0,0,36,0.5,0,0,17,0.2
2007,96112,3550,155,4.4,9,0.3,0,0,85,2.4,0,0,43,1.2,17,0.5,0,0,155,4.4,0,0,0,0
2007,96113,987,31,3.1,0,0,6,0.6,24,2.4,0,0,0,0,0,0,7,0.7,24,2.4,0,0,13,1.3
2007,96114,4103,51,1.2,0,0,5,0.1,34,0.8,0,0,0,0,10,0.2,0,0,50,1.2,0,0,0,0
2007,96119,3345,39,1.2,0,0,6,0.2,25,0.7,0,0,0,0,0,0,0,0,38,1.1,0,0,10,0.3
2007,115115,32135,886,2.8,0,0,0,0,886,2.8,0,0,0,0,0,0,12,0,867,2.7,7,0,0,0
2008,96088,19160,821,4.3,0,0,11,0.1,624,3.3,7,0,29,0.2,7,0,0,0,809,4.2,12,0.1,137,0.7
2008,96089,12186,826,6.8,0,0,48,0.4,431,3.5,0,0,0,0,36,0.3,11,0.1,815,6.7,0,0,578,4.7
2008,96090,5430,175,3.2,0,0,17,0.3,136,2.5,0,0,11,0.2,9,0.2,5,0.1,170,3.1,0,0,0,0
2008,96091,22412,270,1.2,30,0.1,71,0.3,169,0.8,0,0,0,0,0,0,69,0.3,201,0.9,0,0,92,0.4
2008,96092,4975,88,1.8,0,0,24,0.5,62,1.2,0,0,0,0,0,0,0,0,86,1.7,0,0,27,0.5
2008,96093,5599,65,1.2,0,0,0,0,61,1.1,0,0,0,0,0,0,0,0,65,1.2,0,0,26,0.5
2008,96094,10969,233,2.1,15,0.1,25,0.2,175,1.6,0,0,15,0.1,0,0,101,0.9,132,1.2,0,0,137,1.2
2008,96095,18031,355,2,42,0.2,212,1.2,19,0.1,0,0,0,0,80,0.4,0,0,348,1.9,7,0,229,1.3
2008,96098,2517,40,1.6,0,0,6,0.2,31,1.2,0,0,0,0,0,0,0,0,40,1.6,0,0,5,0.2
2008,96099,1665,61,3.7,0,0,5,0.3,53,3.2,0,0,0,0,0,0,0,0,61,3.7,0,0,11,0.7
2008,96101,792,5,0.6,0,0,0,0,5,0.6,0,0,0,0,0,0,0,0,5,0.6,0,0,0,0
2008,96102,2479,8,0.3,0,0,6,0.2,0,0,0,0,0,0,0,0,0,0,8,0.3,0,0,0,0
2008,96103,1803,50,2.8,0,0,0,0,41,2.3,0,0,0,0,0,0,0,0,50,2.8,0,0,0,0
2008,96104,3325,237,7.1,0,0,7,0.2,216,6.5,0,0,0,0,12,0.4,0,0,235,7.1,0,0,20,0.6
2008,96106,3580,22,0.6,0,0,5,0.1,0,0,0,0,5,0.1,0,0,0,0,22,0.6,0,0,0,0
2008,96107,1049,0,0,0,0,0,0,0,0,0,0,0,0,0,0,0,0,0,0,0,0,0,0
2008,96109,4626,405,8.8,0,0,27,0.6,162,3.5,0,0,0,0,12,0.3,8,0.2,396,8.6,0,0,40,0.9
2008,96110,6358,30,0.5,0,0,0,0,22,0.3,0,0,0,0,0,0,0,0,30,0.5,0,0,0,0
2008,96111,7367,0,0,0,0,0,0,0,0,0,0,0,0,0,0,0,0,0,0,0,0,0,0
2008,96112,3286,148,4.5,10,0.3,0,0,45,1.4,0,0,70,2.1,23,0.7,0,0,147,4.5,0,0,8,0.2
2008,96113,997,28,2.8,0,0,0,0,21,2.1,0,0,0,0,0,0,0,0,23,2.3,0,0,5,0.5
2008,96114,4127,62,1.5,0,0,13,0.3,38,0.9,0,0,0,0,8,0.2,0,0,61,1.5,0,0,6,0.1
2008,96119,3263,30,0.9,0,0,0,0,6,0.2,0,0,16,0.5,0,0,0,0,29,0.9,0,0,0,0
2008,115115,27574,1745,6.3,0,0,125,0.5,1225,4.4,0,0,290,1.1,105,0.4,25,0.1,1720,6.2,0,0,8,0
2008,115906,2219,38,1.7,0,0,0,0,36,1.6,0,0,0,0,0,0,0,0,38,1.7,0,0,0,0
2009,96088,18585,697,3.8,0,0,0,0,604,3.2,0,0,52,0.3,38,0.2,0,0,697,3.8,0,0,133,0.7
2009,96089,11998,754,6.3,6,0.1,56,0.5,400,3.3,0,0,0,0,48,0.4,16,0.1,737,6.1,0,0,576,4.8
2009,96090,5446,143,2.6,0,0,18,0.3,97,1.8,0,0,21,0.4,5,0.1,0,0,132,2.4,11,0.2,52,1
2009,96091,22285,406,1.8,35,0.2,149,0.7,215,1,0,0,0,0,0,0,88,0.4,318,1.4,0,0,131,0.6
2009,96092,5021,119,2.4,0,0,20,0.4,76,1.5,0,0,19,0.4,0,0,0,0,115,2.3,0,0,59,1.2
2009,96093,5643,68,1.2,0,0,0,0,60,1.1,0,0,0,0,0,0,0,0,67,1.2,0,0,33,0.6
2009,96094,10788,226,2.1,13,0.1,15,0.1,181,1.7,0,0,12,0.1,5,0,104,1,122,1.1,0,0,129,1.2
2009,96095,17467,403,2.3,15,0.1,48,0.3,319,1.8,0,0,0,0,19,0.1,13,0.1,380,2.2,9,0.1,262,1.5
2009,96098,2453,24,1,0,0,5,0.2,14,0.6,0,0,0,0,0,0,0,0,24,1,0,0,0,0
2009,96099,1655,50,3,0,0,0,0,48,2.9,0,0,0,0,0,0,0,0,50,3,0,0,12,0.7
2009,96101,803,5,0.6,0,0,0,0,0,0,0,0,0,0,0,0,0,0,5,0.6,0,0,0,0
2009,96102,2487,23,0.9,0,0,0,0,15,0.6,0,0,0,0,0,0,0,0,22,0.9,0,0,6,0.2
2009,96103,1699,68,4,0,0,10,0.6,57,3.4,0,0,0,0,0,0,0,0,68,4,0,0,0,0
2009,96104,3110,250,8,0,0,9,0.3,223,7.2,0,0,0,0,18,0.6,0,0,247,7.9,0,0,10,0.3
2009,96106,3701,13,0.4,0,0,7,0.2,0,0,0,0,0,0,0,0,0,0,12,0.3,0,0,0,0
2009,96107,1033,37,3.6,0,0,0,0,29,2.8,0,0,0,0,0,0,0,0,37,3.6,0,0,15,1.5
2009,96109,4539,345,7.6,0,0,22,0.5,270,5.9,0,0,35,0.8,17,0.4,0,0,345,7.6,0,0,0,0
2009,96110,6355,252,4,0,0,18,0.3,224,3.5,0,0,0,0,9,0.1,6,0.1,246,3.9,0,0,5,0.1
2009,96111,6779,494,7.3,0,0,19,0.3,385,5.7,0,0,59,0.9,28,0.4,0,0,494,7.3,0,0,53,0.8
2009,96112,3213,126,3.9,10,0.3,0,0,54,1.7,0,0,43,1.3,16,0.5,0,0,126,3.9,0,0,11,0.3
2009,96113,988,17,1.7,0,0,0,0,7,0.7,0,0,5,0.5,0,0,0,0,15,1.5,0,0,0,0
2009,96114,4175,57,1.4,0,0,10,0.2,41,1,0,0,0,0,0,0,0,0,53,1.3,0,0,8,0.2
2009,96119,4225,34,0.8,0,0,0,0,21,0.5,0,0,9,0.2,0,0,0,0,34,0.8,0,0,0,0
2009,115115,26108,1714,6.6,0,0,114,0.4,1305,5,0,0,224,0.9,69,0.3,40,0.2,1674,6.4,0,0,26,0.1
2009,115906,2732,27,1,0,0,0,0,26,1,0,0,0,0,0,0,0,0,27,1,0,0,0,0
2010,96088,18378,853,4.6,0,0,0,0,764,4.2,6,0,41,0.2,42,0.2,0,0,850,4.6,0,0,124,0.7
2010,96089,11713,728,6.2,0,0,31,0.3,586,5,0,0,27,0.2,11,0.1,13,0.1,715,6.1,0,0,534,4.6
2010,96090,5509,127,2.3,6,0.1,17,0.3,77,1.4,0,0,23,0.4,0,0,0,0,123,2.2,0,0,28,0.5
2010,96091,22382,306,1.4,23,0.1,80,0.4,195,0.9,0,0,0,0,6,0,80,0.4,226,1,0,0,117,0.5
2010,96092,4996,109,2.2,0,0,14,0.3,75,1.5,0,0,18,0.4,0,0,0,0,107,2.1,0,0,32,0.6
2010,96093,5678,77,1.4,0,0,5,0.1,60,1.1,0,0,6,0.1,0,0,0,0,77,1.4,0,0,40,0.7
2010,96094,10816,196,1.8,0,0,28,0.3,141,1.3,0,0,13,0.1,8,0.1,89,0.8,107,1,0,0,107,1
2010,96095,17386,341,2,7,0,85,0.5,236,1.4,0,0,0,0,12,0.1,0,0,329,1.9,11,0.1,227,1.3
2010,96098,2476,28,1.1,0,0,0,0,16,0.6,0,0,0,0,0,0,0,0,28,1.1,0,0,0,0
2010,96099,1621,34,2.1,0,0,13,0.8,18,1.1,0,0,0,0,0,0,0,0,34,2.1,0,0,13,0.8
2010,96101,803,0,0,0,0,0,0,0,0,0,0,0,0,0,0,0,0,0,0,0,0,0,0
2010,96102,2478,10,0.4,0,0,0,0,6,0.2,0,0,0,0,0,0,0,0,10,0.4,0,0,0,0
2010,96103,1610,27,1.7,0,0,0,0,17,1.1,0,0,6,0.4,0,0,0,0,27,1.7,0,0,0,0
2010,96104,3009,263,8.7,0,0,15,0.5,226,7.5,0,0,0,0,18,0.6,0,0,262,8.7,0,0,7,0.2
2010,96106,3799,19,0.5,0,0,9,0.2,6,0.2,0,0,0,0,0,0,0,0,19,0.5,0,0,0,0
2010,96107,1034,30,2.9,0,0,0,0,20,1.9,0,0,0,0,0,0,0,0,30,2.9,0,0,12,1.2
2010,96109,4170,362,8.7,0,0,20,0.5,289,6.9,0,0,33,0.8,19,0.5,0,0,361,8.7,0,0,70,1.7
2010,96110,6344,295,4.7,0,0,15,0.2,267,4.2,0,0,0,0,8,0.1,7,0.1,288,4.5,0,0,6,0.1
2010,96111,6652,492,7.4,0,0,7,0.1,389,5.8,9,0.1,65,1,19,0.3,0,0,491,7.4,0,0,142,2.1
2010,96112,3188,155,4.9,6,0.2,0,0,66,2.1,0,0,65,2,17,0.5,0,0,154,4.8,0,0,23,0.7
2010,96113,1016,7,0.7,0,0,0,0,7,0.7,0,0,0,0,0,0,0,0,6,0.6,0,0,0,0
2010,96114,4248,82,1.9,0,0,37,0.9,36,0.8,0,0,0,0,6,0.1,0,0,81,1.9,0,0,0,0
2010,96119,4500,25,0.6,0,0,0,0,16,0.4,0,0,8,0.2,0,0,0,0,24,0.5,0,0,5,0.1
2010,115115,25046,1319,5.3,0,0,130,0.5,791,3.2,0,0,286,1.1,111,0.4,146,0.6,1173,4.7,0,0,25,0.1
2010,115906,2992,211,7.1,0,0,9,0.3,126,4.2,0,0,76,2.5,0,0,0,0,208,7,0,0,32,1.1
2010,115914,83,0,0,0,0,0,0,0,0,0,0,0,0,0,0,0,0,0,0,0,0,0,0
2011,96088,18074,834,4.6,0,0,0,0,770,4.3,8,0,33,0.2,23,0.1,0,0,828,4.6,0,0,152,0.8
2011,96089,11674,688,5.9,0,0,66,0.6,601,5.1,0,0,0,0,17,0.1,12,0.1,676,5.8,0,0,499,4.3
2011,96090,5518,158,2.9,0,0,29,0.5,87,1.6,0,0,40,0.7,0,0,0,0,144,2.6,13,0.2,47,0.9
2011,96091,22568,313,1.4,22,0.1,100,0.4,185,0.8,0,0,0,0,6,0,72,0.3,241,1.1,0,0,103,0.5
2011,96092,5110,78,1.5,12,0.2,22,0.4,39,0.8,0,0,5,0.1,0,0,0,0,77,1.5,0,0,24,0.5
2011,96093,5696,53,0.9,7,0.1,6,0.1,35,0.6,0,0,0,0,5,0.1,0,0,53,0.9,0,0,37,0.6
2011,96094,10699,178,1.7,5,0,19,0.2,132,1.2,0,0,18,0.2,0,0,83,0.8,95,0.9,0,0,105,1
2011,96095,17456,288,1.6,13,0.1,67,0.4,198,1.1,0,0,0,0,10,0.1,0,0,282,1.6,0,0,210,1.2
2011,96098,2495,16,0.6,0,0,0,0,7,0.3,0,0,0,0,0,0,0,0,16,0.6,0,0,0,0
2011,96099,1503,29,1.9,0,0,10,0.7,17,1.1,0,0,0,0,0,0,0,0,29,1.9,0,0,18,1.2
2011,96101,792,0,0,0,0,0,0,0,0,0,0,0,0,0,0,0,0,0,0,0,0,0,0
2011,96102,2509,9,0.4,0,0,0,0,8,0.3,0,0,0,0,0,0,0,0,9,0.4,0,0,0,0
2011,96103,1555,23,1.5,0,0,5,0.3,14,0.9,0,0,0,0,0,0,0,0,23,1.5,0,0,0,0
2011,96104,2906,228,7.8,0,0,19,0.7,190,6.5,0,0,0,0,16,0.6,10,0.3,213,7.3,5,0.2,8,0.3
2011,96106,3939,22,0.6,0,0,5,0.1,17,0.4,0,0,0,0,0,0,10,0.3,12,0.3,0,0,16,0.4
2011,96107,1072,19,1.8,0,0,0,0,19,1.8,0,0,0,0,0,0,0,0,19,1.8,0,0,7,0.7
2011,96109,4437,353,8,0,0,19,0.4,290,6.5,0,0,29,0.7,13,0.3,0,0,352,7.9,0,0,10,0.2
2011,96110,6130,324,5.3,0,0,44,0.7,272,4.4,0,0,0,0,8,0.1,8,0.1,316,5.2,0,0,13,0.2
2011,96111,6212,444,7.1,0,0,27,0.4,329,5.3,0,0,59,0.9,25,0.4,7,0.1,437,7,0,0,75,1.2
2011,96112,3049,134,4.4,20,0.7,0,0,43,1.4,0,0,56,1.8,12,0.4,0,0,134,4.4,0,0,6,0.2
2011,96113,1024,10,1,0,0,0,0,7,0.7,0,0,0,0,0,0,0,0,7,0.7,0,0,0,0
2011,96114,4271,105,2.5,6,0.1,34,0.8,58,1.4,0,0,7,0.2,0,0,0,0,105,2.5,0,0,0,0
2011,96119,4427,37,0.8,0,0,7,0.2,20,0.5,0,0,6,0.1,0,0,0,0,37,0.8,0,0,5,0.1
2011,115115,23576,1060,4.5,0,0,138,0.6,653,2.8,0,0,193,0.8,72,0.3,121,0.5,939,4,0,0,7,0
2011,115906,3182,287,9,0,0,8,0.3,124,3.9,0,0,0,0,21,0.7,11,0.3,275,8.6,0,0,66,2.1
2011,115914,178,0,0,0,0,0,0,0,0,0,0,0,0,0,0,0,0,0,0,0,0,0,0
2012,96088,17752,750,4.2,0,0,0,0,674,3.8,0,0,51,0.3,22,0.1,0,0,749,4.2,0,0,93,0.5
2012,96089,11494,650,5.7,0,0,47,0.4,543,4.7,0,0,5,0,21,0.2,10,0.1,640,5.6,0,0,395,3.4
2012,96090,5502,135,2.5,0,0,23,0.4,71,1.3,0,0,20,0.4,7,0.1,33,0.6,100,1.8,0,0,34,0.6
2012,96091,22268,277,1.2,19,0.1,80,0.4,177,0.8,0,0,0,0,0,0,67,0.3,210,0.9,0,0,94,0.4
2012,96092,5132,89,1.7,0,0,28,0.5,52,1,0,0,5,0.1,0,0,0,0,72,1.4,14,0.3,21,0.4
2012,96093,5766,64,1.1,0,0,0,0,53,0.9,0,0,0,0,5,0.1,0,0,64,1.1,0,0,44,0.8
2012,96094,10647,137,1.3,6,0.1,24,0.2,94,0.9,0,0,8,0.1,5,0,76,0.7,61,0.6,0,0,86,0.8
2012,96095,17351,271,1.6,13,0.1,60,0.3,186,1.1,0,0,0,0,12,0.1,5,0,264,1.5,0,0,201,1.2
2012,96098,2418,36,1.5,0,0,6,0.2,10,0.4,0,0,7,0.3,0,0,0,0,36,1.5,0,0,0,0
2012,96099,1568,22,1.4,0,0,0,0,6,0.4,0,0,0,0,0,0,0,0,22,1.4,0,0,8,0.5
2012,96101,772,0,0,0,0,0,0,0,0,0,0,0,0,0,0,0,0,0,0,0,0,0,0
2012,96102,2516,0,0,0,0,0,0,0,0,0,0,0,0,0,0,0,0,0,0,0,0,0,0
2012,96103,1544,35,2.3,0,0,8,0.5,16,1,0,0,10,0.6,0,0,0,0,35,2.3,0,0,0,0
2012,96104,2740,175,6.4,0,0,6,0.2,142,5.2,0,0,17,0.6,9,0.3,10,0.4,165,6,0,0,8,0.3
2012,96106,3922,8,0.2,0,0,0,0,0,0,0,0,0,0,0,0,0,0,7,0.2,0,0,0,0
2012,96107,1088,20,1.8,0,0,6,0.6,12,1.1,0,0,0,0,0,0,0,0,20,1.8,0,0,5,0.5
2012,96109,4207,524,12.5,0,0,31,0.7,429,10.2,0,0,53,1.3,10,0.2,0,0,523,12.4,0,0,9,0.2
2012,96110,6059,309,5.1,0,0,43,0.7,264,4.4,0,0,0,0,0,0,5,0.1,304,5,0,0,7,0.1
2012,96111,5929,135,2.3,0,0,0,0,101,1.7,0,0,22,0.4,9,0.2,0,0,132,2.2,0,0,0,0
2012,96112,3024,149,4.9,22,0.7,0,0,45,1.5,0,0,66,2.2,15,0.5,0,0,149,4.9,0,0,20,0.7
2012,96113,1007,12,1.2,0,0,0,0,12,1.2,0,0,0,0,0,0,0,0,12,1.2,0,0,0,0
2012,96114,4327,79,1.8,0,0,26,0.6,43,1,0,0,0,0,0,0,0,0,79,1.8,0,0,0,0
2012,96119,4210,39,0.9,0,0,10,0.2,20,0.5,0,0,6,0.1,0,0,0,0,39,0.9,0,0,0,0
2012,115115,22516,914,4.1,0,0,155,0.7,483,2.1,0,0,207,0.9,69,0.3,11,0,903,4,0,0,0,0
2012,115906,3217,360,11.2,0,0,10,0.3,182,5.7,0,0,49,1.5,11,0.3,32,1,327,10.2,0,0,76,2.4
2012,115914,259,0,0,0,0,0,0,0,0,0,0,0,0,0,0,0,0,0,0,0,0,0,0
2013,96088,17882,645,3.6,0,0,0,0,592,3.3,0,0,32,0.2,18,0.1,0,0,636,3.6,9,0.1,155,0.9
2013,96089,11261,667,5.9,7,0.1,61,0.5,486,4.3,0,0,0,0,21,0.2,17,0.2,647,5.7,0,0,436,3.9
2013,96090,5563,127,2.3,0,0,22,0.4,53,1,0,0,7,0.1,10,0.2,29,0.5,97,1.7,0,0,32,0.6
2013,96091,22018,292,1.3,9,0,70,0.3,207,0.9,0,0,0,0,6,0,72,0.3,220,1,0,0,106,0.5
2013,96092,5281,65,1.2,5,0.1,9,0.2,41,0.8,0,0,9,0.2,0,0,0,0,46,0.9,19,0.4,22,0.4
2013,96093,5874,50,0.9,0,0,6,0.1,43,0.7,0,0,0,0,0,0,0,0,49,0.8,0,0,34,0.6
2013,96094,10679,128,1.2,0,0,22,0.2,86,0.8,0,0,9,0.1,0,0,68,0.6,60,0.6,0,0,76,0.7
2013,96095,17274,313,1.8,18,0.1,51,0.3,234,1.4,0,0,0,0,9,0.1,78,0.5,234,1.4,0,0,260,1.5
2013,96098,2403,22,0.9,0,0,0,0,11,0.5,0,0,0,0,0,0,0,0,22,0.9,0,0,0,0
2013,96099,1574,25,1.6,0,0,0,0,12,0.8,0,0,0,0,0,0,0,0,25,1.6,0,0,15,1
2013,96101,772,6,0.8,0,0,0,0,5,0.6,0,0,0,0,0,0,0,0,5,0.6,0,0,0,0
2013,96102,2504,6,0.2,0,0,0,0,0,0,0,0,0,0,0,0,0,0,6,0.2,0,0,0,0
2013,96103,1476,19,1.3,0,0,6,0.4,9,0.6,0,0,0,0,0,0,0,0,19,1.3,0,0,0,0
2013,96104,2508,109,4.3,0,0,0,0,96,3.8,0,0,0,0,10,0.4,25,1,84,3.3,0,0,0,0
2013,96106,3978,13,0.3,0,0,0,0,5,0.1,0,0,0,0,0,0,0,0,13,0.3,0,0,0,0
2013,96107,1134,11,1,0,0,0,0,9,0.8,0,0,0,0,0,0,0,0,11,1,0,0,0,0
2013,96109,4153,238,5.7,0,0,11,0.3,180,4.3,0,0,41,1,6,0.1,0,0,236,5.7,0,0,12,0.3
2013,96110,6188,271,4.4,0,0,33,0.5,233,3.8,0,0,0,0,5,0.1,0,0,270,4.4,0,0,27,0.4
2013,96111,5931,121,2,0,0,0,0,93,1.6,0,0,20,0.3,0,0,0,0,119,2,0,0,9,0.2
2013,96112,3016,142,4.7,23,0.8,0,0,41,1.4,0,0,71,2.4,5,0.2,0,0,141,4.7,0,0,32,1.1
2013,96113,1014,12,1.2,0,0,0,0,7,0.7,0,0,0,0,0,0,0,0,12,1.2,0,0,0,0
2013,96114,4368,68,1.6,0,0,13,0.3,47,1.1,0,0,0,0,0,0,0,0,68,1.6,0,0,6,0.1
2013,96119,3921,44,1.1,0,0,10,0.3,13,0.3,0,0,8,0.2,0,0,0,0,44,1.1,0,0,8,0.2
2013,115115,25200,679,2.7,0,0,102,0.4,379,1.5,0,0,147,0.6,51,0.2,17,0.1,662,2.6,0,0,5,0
2013,115906,3075,79,2.6,0,0,9,0.3,12,0.4,0,0,31,1,0,0,0,0,76,2.5,0,0,8,0.3
2013,115914,332,11,3.3,0,0,0,0,0,0,0,0,0,0,0,0,0,0,11,3.3,0,0,0,0
2014,96088,17957,553,3.1,0,0,0,0,501,2.8,0,0,30,0.2,22,0.1,14,0.1,539,3,0,0,187,1
2014,96089,11599,659,5.7,0,0,57,0.5,532,4.6,0,0,0,0,20,0.2,0,0,657,5.7,0,0,463,4
2014,96090,5650,92,1.6,0,0,11,0.2,61,1.1,0,0,6,0.1,0,0,23,0.4,66,1.2,0,0,28,0.5
2014,96091,21609,191,0.9,15,0.1,69,0.3,90,0.4,5,0,0,0,12,0.1,39,0.2,152,0.7,0,0,53,0.2
2014,96092,5607,86,1.5,0,0,13,0.2,59,1.1,0,0,8,0.1,0,0,0,0,67,1.2,19,0.3,25,0.4
2014,96093,6031,22,0.4,0,0,0,0,17,0.3,0,0,0,0,0,0,0,0,22,0.4,0,0,13,0.2
2014,96094,10756,114,1.1,0,0,24,0.2,72,0.7,0,0,7,0.1,6,0.1,62,0.6,52,0.5,0,0,76,0.7
2014,96095,17147,224,1.3,15,0.1,50,0.3,157,0.9,0,0,0,0,0,0,19,0.1,205,1.2,0,0,152,0.9
2014,96098,2376,11,0.5,0,0,0,0,0,0,0,0,0,0,0,0,0,0,11,0.5,0,0,0,0
2014,96099,1618,20,1.2,0,0,5,0.3,5,0.3,0,0,0,0,0,0,0,0,20,1.2,0,0,11,0.7
2014,96101,810,8,1,0,0,0,0,0,0,0,0,0,0,0,0,0,0,8,1,0,0,0,0
2014,96102,2587,0,0,0,0,0,0,0,0,0,0,0,0,0,0,0,0,0,0,0,0,0,0
2014,96103,1446,27,1.9,0,0,7,0.5,12,0.8,0,0,6,0.4,0,0,0,0,26,1.8,0,0,0,0
2014,96104,2537,63,2.5,0,0,0,0,57,2.2,0,0,0,0,5,0.2,17,0.7,46,1.8,0,0,0,0
2014,96106,4094,25,0.6,5,0.1,0,0,17,0.4,0,0,0,0,0,0,0,0,24,0.6,0,0,9,0.2
2014,96107,1203,20,1.7,0,0,0,0,14,1.2,0,0,0,0,0,0,0,0,20,1.7,0,0,0,0
2014,96109,2936,105,3.6,0,0,8,0.3,84,2.9,0,0,11,0.4,0,0,0,0,104,3.5,0,0,0,0
2014,96110,6369,189,3,0,0,32,0.5,156,2.4,0,0,0,0,0,0,0,0,187,2.9,0,0,0,0
2014,96111,4870,134,2.8,0,0,5,0.1,100,2.1,0,0,21,0.4,8,0.2,0,0,134,2.8,0,0,10,0.2
2014,96112,3027,135,4.5,12,0.4,0,0,50,1.7,0,0,58,1.9,15,0.5,5,0.2,130,4.3,0,0,0,0
2014,96113,1001,18,1.8,0,0,0,0,6,0.6,0,0,7,0.7,0,0,0,0,18,1.8,0,0,5,0.5
2014,96114,4406,38,0.9,0,0,18,0.4,15,0.3,0,0,0,0,0,0,0,0,38,0.9,0,0,0,0
2014,96119,3866,41,1.1,0,0,11,0.3,21,0.5,0,0,0,0,0,0,0,0,41,1.1,0,0,15,0.4
2014,115115,24869,656,2.6,0,0,97,0.4,389,1.6,0,0,121,0.5,49,0.2,35,0.1,621,2.5,0,0,0,0
2014,115906,2981,299,10,0,0,15,0.5,173,5.8,0,0,56,1.9,21,0.7,5,0.2,294,9.9,0,0,85,2.9
2014,115914,336,50,14.9,0,0,0,0,30,8.9,0,0,6,1.8,0,0,0,0,50,14.9,0,0,12,3.6
2015,96088,17764,504,2.8,0,0,0,0,465,2.6,0,0,23,0.1,12,0.1,29,0.2,474,2.7,0,0,171,1
2015,96089,11206,611,5.5,0,0,32,0.3,477,4.3,0,0,7,0.1,7,0.1,9,0.1,601,5.4,0,0,34,0.3
2015,96090,5562,139,2.5,0,0,19,0.3,68,1.2,0,0,18,0.3,0,0,46,0.8,91,1.6,0,0,59,1.1
2015,96091,21360,126,0.6,9,0,35,0.2,77,0.4,0,0,0,0,5,0,31,0.1,95,0.4,0,0,51,0.2
2015,96092,5595,66,1.2,5,0.1,21,0.4,32,0.6,0,0,8,0.1,0,0,0,0,44,0.8,22,0.4,22,0.4
2015,96093,6300,34,0.5,0,0,0,0,28,0.4,0,0,0,0,0,0,0,0,34,0.5,0,0,5,0.1
2015,96094,10514,102,1,0,0,10,0.1,78,0.7,0,0,6,0.1,5,0,50,0.5,52,0.5,0,0,60,0.6
2015,96095,17229,215,1.2,10,0.1,42,0.2,149,0.9,0,0,0,0,14,0.1,28,0.2,187,1.1,0,0,164,1
2015,96098,2418,14,0.6,0,0,0,0,8,0.3,0,0,0,0,0,0,0,0,14,0.6,0,0,0,0
2015,96099,1582,24,1.5,0,0,5,0.3,9,0.6,0,0,0,0,0,0,0,0,23,1.5,0,0,15,0.9
2015,96101,788,9,1.1,0,0,5,0.6,0,0,0,0,0,0,0,0,0,0,9,1.1,0,0,0,0
2015,96102,2548,6,0.2,0,0,0,0,5,0.2,0,0,0,0,0,0,0,0,6,0.2,0,0,0,0
2015,96103,1441,26,1.8,0,0,11,0.8,13,0.9,0,0,0,0,0,0,0,0,26,1.8,0,0,0,0
2015,96104,2526,103,4.1,0,0,0,0,98,3.9,0,0,0,0,5,0.2,79,3.1,24,1,0,0,0,0
2015,96106,4156,31,0.7,0,0,7,0.2,22,0.5,0,0,0,0,0,0,0,0,29,0.7,0,0,14,0.3
2015,96107,1198,14,1.2,0,0,7,0.6,6,0.5,0,0,0,0,0,0,0,0,14,1.2,0,0,0,0
2015,96109,3481,131,3.8,0,0,6,0.2,120,3.4,0,0,0,0,0,0,0,0,131,3.8,0,0,0,0
2015,96110,6252,138,2.2,0,0,24,0.4,113,1.8,0,0,0,0,0,0,0,0,137,2.2,0,0,0,0
2015,96111,5143,71,1.4,0,0,0,0,55,1.1,0,0,12,0.2,0,0,0,0,71,1.4,0,0,5,0.1
2015,96112,2943,117,4,0,0,13,0.4,35,1.2,0,0,63,2.1,6,0.2,0,0,117,4,0,0,43,1.5
2015,96113,981,6,0.6,0,0,0,0,5,0.5,0,0,0,0,0,0,0,0,6,0.6,0,0,0,0
2015,96114,4438,54,1.2,0,0,11,0.2,37,0.8,0,0,0,0,0,0,0,0,54,1.2,0,0,10,0.2
2015,96119,3734,40,1.1,0,0,9,0.2,8,0.2,0,0,7,0.2,7,0.2,0,0,39,1,0,0,0,0
2015,115115,24154,772,3.2,0,0,111,0.5,389,1.6,0,0,223,0.9,45,0.2,41,0.2,731,3,0,0,10,0
2015,115906,2840,311,11,0,0,8,0.3,192,6.8,0,0,71,2.5,19,0.7,27,1,284,10,0,0,75,2.6
2015,115914,547,53,9.7,0,0,0,0,24,4.4,0,0,0,0,0,0,0,0,53,9.7,0,0,0,0
2016,96088,17712,551,3.1,0,0,0,0,522,2.9,0,0,16,0.1,13,0.1,42,0.2,507,2.9,0,0,226,1.3
2016,96089,10799,547,5.1,0,0,33,0.3,473,4.4,0,0,0,0,5,0,0,0,542,5,0,0,30,0.3
2016,96090,5575,103,1.8,6,0.1,19,0.3,45,0.8,0,0,6,0.1,7,0.1,44,0.8,58,1,0,0,61,1.1
2016,96091,21140,157,0.7,16,0.1,52,0.2,83,0.4,0,0,0,0,0,0,36,0.2,120,0.6,0,0,66,0.3
2016,96092,5688,45,0.8,0,0,13,0.2,31,0.5,0,0,0,0,0,0,0,0,45,0.8,0,0,10,0.2
2016,96093,6495,54,0.8,6,0.1,21,0.3,20,0.3,0,0,6,0.1,0,0,0,0,54,0.8,0,0,25,0.4
2016,96094,10312,86,0.8,9,0.1,10,0.1,54,0.5,0,0,0,0,7,0.1,50,0.5,36,0.3,0,0,65,0.6
2016,96095,17302,183,1.1,22,0.1,55,0.3,97,0.6,0,0,0,0,7,0,0,0,180,1,0,0,138,0.8
2016,96098,2503,16,0.6,0,0,6,0.2,6,0.2,0,0,0,0,0,0,0,0,16,0.6,0,0,0,0
2016,96099,1584,13,0.8,0,0,5,0.3,5,0.3,0,0,0,0,0,0,0,0,12,0.8,0,0,0,0
2016,96101,806,9,1.1,0,0,0,0,0,0,0,0,0,0,0,0,0,0,9,1.1,0,0,0,0
2016,96102,2590,9,0.3,0,0,0,0,8,0.3,0,0,0,0,0,0,0,0,9,0.3,0,0,0,0
2016,96103,1441,13,0.9,0,0,7,0.5,0,0,0,0,0,0,0,0,0,0,13,0.9,0,0,0,0
2016,96104,2535,174,6.9,0,0,0,0,166,6.5,0,0,0,0,8,0.3,148,5.8,26,1,0,0,0,0
2016,96106,4165,14,0.3,0,0,7,0.2,0,0,0,0,0,0,0,0,0,0,14,0.3,0,0,0,0
2016,96107,1230,10,0.8,0,0,0,0,0,0,0,0,0,0,0,0,0,0,9,0.7,0,0,0,0
2016,96109,3145,94,3,0,0,6,0.2,74,2.4,0,0,8,0.3,6,0.2,10,0.3,84,2.7,0,0,10,0.3
2016,96110,6342,202,3.2,0,0,34,0.5,148,2.3,0,0,0,0,0,0,0,0,202,3.2,0,0,21,0.3
2016,96111,5346,60,1.1,0,0,0,0,42,0.8,0,0,15,0.3,0,0,0,0,60,1.1,0,0,0,0
2016,96112,2861,133,4.6,0,0,7,0.2,38,1.3,0,0,76,2.7,11,0.4,0,0,133,4.6,0,0,0,0
2016,96113,957,6,0.6,0,0,0,0,0,0,0,0,0,0,0,0,0,0,5,0.5,0,0,0,0
2016,96114,4443,43,1,0,0,16,0.4,22,0.5,0,0,0,0,0,0,0,0,43,1,0,0,0,0
2016,96119,3569,43,1.2,0,0,7,0.2,7,0.2,0,0,12,0.3,7,0.2,0,0,43,1.2,0,0,5,0.1
2016,115115,22506,682,3,0,0,57,0.3,423,1.9,0,0,145,0.6,57,0.3,60,0.3,622,2.8,0,0,6,0
2016,115906,2918,418,14.3,0,0,25,0.9,263,9,0,0,98,3.4,6,0.2,99,3.4,319,10.9,0,0,178,6.1
2016,115914,956,59,6.2,0,0,0,0,12,1.3,0,0,0,0,0,0,0,0,59,6.2,0,0,14,1.5
2017,96088,17610,462,2.6,0,0,0,0,426,2.4,0,0,15,0.1,18,0.1,34,0.2,409,2.3,0,0,146,0.8
2017,96089,10495,601,5.7,0,0,51,0.5,529,5,0,0,0,0,8,0.1,0,0,599,5.7,0,0,193,1.8
2017,96090,5659,104,1.8,0,0,15,0.3,48,0.8,0,0,7,0.1,11,0.2,42,0.7,61,1.1,0,0,46,0.8
2017,96091,20952,115,0.5,17,0.1,32,0.2,60,0.3,0,0,0,0,6,0,0,0,107,0.5,0,0,19,0.1
2017,96092,5708,31,0.5,7,0.1,11,0.2,7,0.1,0,0,0,0,0,0,0,0,31,0.5,0,0,5,0.1
2017,96093,6687,52,0.8,7,0.1,27,0.4,16,0.2,0,0,0,0,0,0,0,0,48,0.7,0,0,35,0.5
2017,96094,10221,82,0.8,7,0.1,17,0.2,52,0.5,0,0,0,0,0,0,43,0.4,39,0.4,0,0,57,0.6
2017,96095,17434,206,1.2,14,0.1,63,0.4,122,0.7,0,0,0,0,6,0,0,0,187,1.1,0,0,144,0.8
2017,96098,2589,18,0.7,0,0,6,0.2,8,0.3,0,0,0,0,0,0,0,0,18,0.7,0,0,0,0
2017,96099,1655,15,0.9,0,0,0,0,5,0.3,0,0,0,0,0,0,0,0,15,0.9,0,0,7,0.4
2017,96101,797,9,1.1,0,0,5,0.6,0,0,0,0,0,0,0,0,0,0,9,1.1,0,0,0,0
2017,96102,2637,0,0,0,0,0,0,0,0,0,0,0,0,0,0,0,0,0,0,0,0,0,0
2017,96103,1476,24,1.6,0,0,6,0.4,13,0.9,0,0,0,0,0,0,0,0,24,1.6,0,0,0,0
2017,96104,2521,159,6.3,0,0,0,0,153,6.1,0,0,0,0,5,0.2,133,5.3,26,1,0,0,0,0
2017,96106,4129,8,0.2,0,0,0,0,0,0,0,0,0,0,0,0,0,0,8,0.2,0,0,0,0
2017,96107,1279,0,0,0,0,0,0,0,0,0,0,0,0,0,0,0,0,0,0,0,0,0,0
2017,96109,3083,76,2.5,0,0,0,0,65,2.1,0,0,0,0,5,0.2,0,0,74,2.4,0,0,0,0
2017,96110,6289,159,2.5,0,0,17,0.3,116,1.8,0,0,0,0,0,0,0,0,154,2.4,0,0,0,0
2017,96111,5213,35,0.7,0,0,0,0,24,0.5,0,0,5,0.1,0,0,0,0,35,0.7,0,0,7,0.1
2017,96112,2732,119,4.4,0,0,15,0.5,66,2.4,0,0,14,0.5,10,0.4,0,0,119,4.4,0,0,0,0
2017,96113,903,10,1.1,0,0,7,0.8,0,0,0,0,0,0,0,0,0,0,10,1.1,0,0,0,0
2017,96114,4435,28,0.6,0,0,9,0.2,14,0.3,0,0,0,0,0,0,0,0,28,0.6,0,0,0,0
2017,96119,3339,49,1.5,0,0,11,0.3,10,0.3,0,0,14,0.4,5,0.1,0,0,49,1.5,0,0,0,0
2017,115115,21754,459,2.1,0,0,54,0.2,222,1,0,0,145,0.7,38,0.2,9,0,444,2,6,0,0,0
2017,115906,2751,224,8.1,0,0,9,0.3,143,5.2,0,0,60,2.2,0,0,56,2,167,6.1,0,0,102,3.7
2017,115914,1253,32,2.6,0,0,0,0,0,0,0,0,0,0,0,0,0,0,31,2.5,0,0,10,0.8
2018,96088,17370,591,3.4,0,0,0,0,542,3.1,0,0,21,0.1,25,0.1,6,0,557,3.2,0,0,130,0.7
2018,96089,10156,751,7.4,0,0,52,0.5,693,6.8,0,0,0,0,0,0,0,0,729,7.2,0,0,368,3.6
2018,96090,5786,117,2,0,0,16,0.3,56,1,0,0,12,0.2,8,0.1,29,0.5,86,1.5,0,0,34,0.6
2018,96091,20964,148,0.7,14,0.1,42,0.2,82,0.4,0,0,0,0,10,0,0,0,145,0.7,0,0,26,0.1
2018,96092,5760,57,1,0,0,21,0.4,30,0.5,0,0,0,0,0,0,0,0,57,1,0,0,18,0.3
2018,96093,6832,72,1.1,10,0.1,26,0.4,19,0.3,0,0,0,0,0,0,0,0,63,0.9,0,0,38,0.6
2018,96094,10138,90,0.9,0,0,18,0.2,57,0.6,0,0,6,0.1,5,0,53,0.5,36,0.4,0,0,64,0.6
2018,96095,17599,255,1.4,9,0.1,49,0.3,184,1,8,0,0,0,5,0,0,0,251,1.4,0,0,168,1
2018,96098,2560,18,0.7,0,0,0,0,6,0.2,0,0,0,0,0,0,0,0,18,0.7,0,0,0,0
2018,96099,1675,41,2.4,0,0,10,0.6,17,1,0,0,0,0,0,0,0,0,40,2.4,0,0,22,1.3
2018,96101,783,8,1,0,0,7,0.9,0,0,0,0,0,0,0,0,0,0,7,0.9,0,0,0,0
2018,96102,2681,0,0,0,0,0,0,0,0,0,0,0,0,0,0,0,0,0,0,0,0,0,0
2018,96103,1439,24,1.7,0,0,0,0,14,1,0,0,0,0,0,0,0,0,24,1.7,0,0,0,0
2018,96104,2517,176,7,0,0,0,0,174,6.9,0,0,0,0,0,0,157,6.2,19,0.8,0,0,0,0
2018,96106,4223,31,0.7,0,0,16,0.4,11,0.3,0,0,0,0,0,0,0,0,31,0.7,0,0,0,0
2018,96107,1340,7,0.5,0,0,0,0,0,0,0,0,0,0,0,0,0,0,7,0.5,0,0,0,0
2018,96109,3139,157,5,0,0,10,0.3,143,4.6,0,0,0,0,0,0,0,0,157,5,0,0,0,0
2018,96110,6326,200,3.2,0,0,28,0.4,149,2.4,0,0,0,0,0,0,0,0,199,3.1,0,0,69,1.1
2018,96111,5356,39,0.7,0,0,0,0,29,0.5,0,0,7,0.1,0,0,0,0,38,0.7,0,0,0,0
2018,96112,2697,116,4.3,0,0,16,0.6,66,2.4,0,0,21,0.8,0,0,0,0,116,4.3,0,0,0,0
2018,96113,874,15,1.7,0,0,0,0,8,0.9,0,0,0,0,0,0,0,0,15,1.7,0,0,0,0
2018,96114,4486,31,0.7,0,0,13,0.3,16,0.4,0,0,0,0,0,0,0,0,31,0.7,0,0,0,0
2018,96119,3501,59,1.7,0,0,14,0.4,13,0.4,0,0,13,0.4,12,0.3,0,0,59,1.7,0,0,20,0.6
2018,115115,20879,500,2.4,0,0,54,0.3,226,1.1,0,0,172,0.8,47,0.2,27,0.1,473,2.3,0,0,0,0
2018,115906,2318,151,6.5,0,0,0,0,140,6,0,0,0,0,8,0.3,0,0,150,6.5,0,0,0,0
2018,115914,1719,38,2.2,0,0,0,0,0,0,0,0,0,0,0,0,0,0,37,2.2,0,0,0,0
2019,96088,17011,528,3.1,0,0,0,0,487,2.9,0,0,24,0.1,15,0.1,6,0,518,3,0,0,151,0.9
2019,96089,9945,935,9.4,0,0,0,0,929,9.3,0,0,0,0,0,0,7,0.1,924,9.3,0,0,400,4
2019,96090,5889,98,1.7,0,0,20,0.3,45,0.8,0,0,10,0.2,0,0,0,0,98,1.7,0,0,0,0
2019,96091,20897,91,0.4,6,0,25,0.1,50,0.2,7,0,0,0,0,0,0,0,88,0.4,0,0,12,0.1
2019,96092,5788,29,0.5,0,0,11,0.2,6,0.1,0,0,9,0.2,0,0,0,0,21,0.4,0,0,11,0.2
2019,96093,6931,47,0.7,5,0.1,9,0.1,27,0.4,0,0,0,0,0,0,0,0,46,0.7,0,0,19,0.3
2019,96094,10010,99,1,5,0,23,0.2,63,0.6,0,0,0,0,0,0,42,0.4,57,0.6,0,0,60,0.6
2019,96095,17613,188,1.1,0,0,53,0.3,126,0.7,0,0,0,0,0,0,0,0,187,1.1,0,0,139,0.8
2019,96098,2570,17,0.7,0,0,6,0.2,0,0,0,0,0,0,0,0,0,0,17,0.7,0,0,0,0
2019,96099,1659,7,0.4,0,0,0,0,0,0,0,0,0,0,0,0,0,0,7,0.4,0,0,0,0
2019,96101,784,0,0,0,0,0,0,0,0,0,0,0,0,0,0,0,0,0,0,0,0,0,0
2019,96102,2652,0,0,0,0,0,0,0,0,0,0,0,0,0,0,0,0,0,0,0,0,0,0
2019,96103,1436,31,2.2,0,0,10,0.7,16,1.1,0,0,0,0,0,0,0,0,31,2.2,0,0,0,0
2019,96104,2429,191,7.9,0,0,0,0,187,7.7,0,0,0,0,0,0,144,5.9,47,1.9,0,0,0,0
2019,96106,4234,18,0.4,0,0,0,0,16,0.4,0,0,0,0,0,0,0,0,18,0.4,0,0,6,0.1
2019,96107,1386,8,0.6,0,0,0,0,0,0,0,0,0,0,0,0,0,0,8,0.6,0,0,0,0
2019,96109,3167,183,5.8,0,0,0,0,168,5.3,0,0,0,0,11,0.3,0,0,181,5.7,0,0,33,1
2019,96110,6242,175,2.8,0,0,33,0.5,118,1.9,0,0,0,0,0,0,0,0,175,2.8,0,0,85,1.4
2019,96111,5308,28,0.5,0,0,0,0,18,0.3,0,0,7,0.1,0,0,0,0,28,0.5,0,0,0,0
2019,96112,2588,100,3.9,0,0,18,0.7,60,2.3,0,0,12,0.5,6,0.2,0,0,99,3.8,0,0,20,0.8
2019,96113,846,8,0.9,0,0,0,0,0,0,0,0,0,0,0,0,0,0,8,0.9,0,0,0,0
2019,96114,4499,18,0.4,0,0,11,0.2,5,0.1,0,0,0,0,0,0,0,0,18,0.4,0,0,0,0
2019,96119,3531,65,1.8,0,0,19,0.5,17,0.5,0,0,15,0.4,8,0.2,0,0,65,1.8,0,0,12,0.3
2019,115115,19771,494,2.5,0,0,54,0.3,218,1.1,0,0,178,0.9,44,0.2,49,0.2,442,2.2,0,0,5,0
2019,115906,2881,153,5.3,0,0,11,0.4,107,3.7,0,0,14,0.5,0,0,0,0,152,5.3,0,0,5,0.2
2019,115914,2085,68,3.3,0,0,0,0,36,1.7,0,0,0,0,0,0,0,0,68,3.3,0,0,11,0.5
2020,96088,16589,370,2.2,0,0,0,0,338,2,6,0,16,0.1,10,0.1,0,0,363,2.2,0,0,32,0.2
2020,96089,9473,808,8.5,0,0,0,0,800,8.4,0,0,0,0,0,0,7,0.1,801,8.5,0,0,165,1.7
2020,96090,6007,95,1.6,0,0,16,0.3,54,0.9,0,0,7,0.1,0,0,0,0,92,1.5,0,0,30,0.5
2020,96091,20998,106,0.5,21,0.1,39,0.2,41,0.2,0,0,0,0,0,0,0,0,104,0.5,0,0,8,0
2020,96092,5864,22,0.4,0,0,0,0,0,0,0,0,7,0.1,0,0,0,0,22,0.4,0,0,11,0.2
2020,96093,7085,47,0.7,7,0.1,23,0.3,12,0.2,0,0,0,0,0,0,0,0,46,0.6,0,0,9,0.1
2020,96094,9963,74,0.7,0,0,12,0.1,55,0.6,0,0,5,0.1,0,0,35,0.4,39,0.4,0,0,45,0.5
2020,96095,17525,126,0.7,6,0,35,0.2,80,0.5,0,0,0,0,0,0,0,0,126,0.7,0,0,82,0.5
2020,96098,2587,14,0.5,0,0,5,0.2,6,0.2,0,0,0,0,0,0,0,0,14,0.5,0,0,0,0
2020,96099,1715,14,0.8,0,0,0,0,0,0,0,0,0,0,0,0,0,0,14,0.8,0,0,0,0
2020,96101,768,0,0,0,0,0,0,0,0,0,0,0,0,0,0,0,0,0,0,0,0,0,0
2020,96102,2618,0,0,0,0,0,0,0,0,0,0,0,0,0,0,0,0,0,0,0,0,0,0
2020,96103,1412,39,2.8,0,0,7,0.5,30,2.1,0,0,0,0,0,0,0,0,39,2.8,0,0,0,0
2020,96104,2429,120,4.9,0,0,0,0,115,4.7,0,0,0,0,0,0,81,3.3,39,1.6,0,0,0,0
2020,96106,4236,21,0.5,0,0,8,0.2,12,0.3,0,0,0,0,0,0,0,0,21,0.5,0,0,0,0
2020,96107,1438,0,0,0,0,0,0,0,0,0,0,0,0,0,0,0,0,0,0,0,0,0,0
2020,96109,2987,149,5,0,0,12,0.4,124,4.2,0,0,0,0,12,0.4,0,0,149,5,0,0,7,0.2
2020,96110,6375,129,2,0,0,21,0.3,88,1.4,0,0,0,0,0,0,0,0,129,2,0,0,54,0.8
2020,96111,5414,29,0.5,0,0,0,0,23,0.4,0,0,0,0,0,0,0,0,28,0.5,0,0,0,0
2020,96112,2508,48,1.9,0,0,15,0.6,20,0.8,0,0,9,0.4,0,0,0,0,48,1.9,0,0,0,0
2020,96113,871,14,1.6,0,0,0,0,6,0.7,0,0,0,0,0,0,0,0,11,1.3,0,0,7,0.8
2020,96114,4484,32,0.7,0,0,13,0.3,15,0.3,0,0,0,0,0,0,0,0,32,0.7,0,0,0,0
2020,96119,3083,41,1.3,0,0,16,0.5,10,0.3,0,0,7,0.2,0,0,0,0,41,1.3,0,0,0,0
2020,115115,19222,425,2.2,0,0,48,0.2,219,1.1,0,0,123,0.6,35,0.2,31,0.2,394,2,0,0,0,0
2020,115906,2755,93,3.4,0,0,6,0.2,68,2.5,0,0,5,0.2,0,0,0,0,91,3.3,0,0,5,0.2
2020,115914,2364,65,2.7,0,0,5,0.2,22,0.9,0,0,0,0,0,0,0,0,65,2.7,0,0,12,0.5
2021,96088,16046,9,0.1,0,0,0,0,6,0,0,0,0,0,0,0,0,0,9,0.1,0,0,0,0
2021,96089,9062,18,0.2,0,0,0,0,18,0.2,0,0,0,0,0,0,0,0,18,0.2,0,0,0,0
2021,96090,5888,31,0.5,0,0,18,0.3,7,0.1,0,0,0,0,0,0,0,0,30,0.5,0,0,0,0
2021,96091,20212,26,0.1,0,0,5,0,16,0.1,0,0,0,0,5,0,0,0,25,0.1,0,0,0,0
2021,96092,5800,5,0.1,0,0,0,0,0,0,0,0,0,0,0,0,0,0,5,0.1,0,0,0,0
2021,96093,7052,12,0.2,0,0,6,0.1,5,0.1,0,0,0,0,0,0,0,0,12,0.2,0,0,0,0
2021,96094,9765,17,0.2,0,0,0,0,11,0.1,0,0,0,0,0,0,8,0.1,9,0.1,0,0,0,0
2021,96095,17137,60,0.4,0,0,12,0.1,43,0.3,0,0,0,0,0,0,0,0,59,0.3,0,0,40,0.2
2021,96098,2507,0,0,0,0,0,0,0,0,0,0,0,0,0,0,0,0,0,0,0,0,0,0
2021,96099,1650,0,0,0,0,0,0,0,0,0,0,0,0,0,0,0,0,0,0,0,0,0,0
2021,96101,734,0,0,0,0,0,0,0,0,0,0,0,0,0,0,0,0,0,0,0,0,0,0
2021,96102,2524,0,0,0,0,0,0,0,0,0,0,0,0,0,0,0,0,0,0,0,0,0,0
2021,96103,1329,22,1.7,0,0,0,0,12,0.9,0,0,0,0,0,0,0,0,22,1.7,0,0,0,0
2021,96104,2389,0,0,0,0,0,0,0,0,0,0,0,0,0,0,0,0,0,0,0,0,0,0
2021,96106,4162,0,0,0,0,0,0,0,0,0,0,0,0,0,0,0,0,0,0,0,0,0,0
2021,96107,1418,0,0,0,0,0,0,0,0,0,0,0,0,0,0,0,0,0,0,0,0,0,0
2021,96109,2660,0,0,0,0,0,0,0,0,0,0,0,0,0,0,0,0,0,0,0,0,0,0
2021,96110,6202,19,0.3,0,0,8,0.1,9,0.1,0,0,0,0,0,0,0,0,19,0.3,0,0,5,0.1
2021,96111,4978,0,0,0,0,0,0,0,0,0,0,0,0,0,0,0,0,0,0,0,0,0,0
2021,96112,2449,35,1.4,0,0,0,0,31,1.3,0,0,0,0,0,0,0,0,35,1.4,0,0,0,0
2021,96113,818,0,0,0,0,0,0,0,0,0,0,0,0,0,0,0,0,0,0,0,0,0,0
2021,96114,4316,0,0,0,0,0,0,0,0,0,0,0,0,0,0,0,0,0,0,0,0,0,0
2021,96119,3225,11,0.3,0,0,5,0.2,0,0,0,0,0,0,0,0,0,0,11,0.3,0,0,0,0
2021,115115,18632,25,0.1,0,0,0,0,10,0.1,0,0,8,0,0,0,0,0,24,0.1,0,0,0,0
2021,115906,2504,28,1.1,0,0,0,0,21,0.8,0,0,0,0,0,0,0,0,28,1.1,0,0,0,0
2021,115914,2694,0,0,0,0,0,0,0,0,0,0,0,0,0,0,0,0,0,0,0,0,0,0
2022,96088,16313,808,5,0,0,0,0,724,4.4,6,0,29,0.2,43,0.3,0,0,804,4.9,0,0,183,1.1
2022,96089,9237,458,5,0,0,8,0.1,448,4.9,0,0,0,0,0,0,5,0.1,453,4.9,0,0,0,0
2022,96090,5901,209,3.5,8,0.1,50,0.8,100,1.7,0,0,7,0.1,16,0.3,0,0,207,3.5,0,0,0,0
2022,96091,20311,148,0.7,10,0,53,0.3,73,0.4,0,0,0,0,6,0,0,0,146,0.7,0,0,11,0.1
2022,96092,5850,39,0.7,0,0,12,0.2,6,0.1,0,0,0,0,8,0.1,0,0,39,0.7,0,0,22,0.4
2022,96093,7132,55,0.8,5,0.1,29,0.4,13,0.2,0,0,0,0,0,0,0,0,55,0.8,0,0,18,0.3
2022,96094,9914,142,1.4,0,0,33,0.3,92,0.9,0,0,7,0.1,6,0.1,64,0.6,78,0.8,0,0,86,0.9
2022,96095,16997,298,1.8,0,0,76,0.4,209,1.2,0,0,0,0,11,0.1,0,0,298,1.8,0,0,182,1.1
2022,96098,2423,56,2.3,0,0,18,0.7,34,1.4,0,0,0,0,0,0,0,0,56,2.3,0,0,0,0
2022,96099,1722,25,1.5,0,0,0,0,11,0.6,0,0,0,0,0,0,0,0,25,1.5,0,0,0,0
2022,96101,741,0,0,0,0,0,0,0,0,0,0,0,0,0,0,0,0,0,0,0,0,0,0
2022,96102,2412,0,0,0,0,0,0,0,0,0,0,0,0,0,0,0,0,0,0,0,0,0,0
2022,96103,1274,66,5.2,0,0,15,1.2,43,3.4,0,0,0,0,0,0,0,0,66,5.2,0,0,0,0
2022,96104,2347,197,8.4,0,0,0,0,192,8.2,0,0,0,0,0,0,150,6.4,42,1.8,5,0.2,24,1
2022,96106,4159,27,0.6,0,0,11,0.3,10,0.2,0,0,0,0,0,0,0,0,27,0.6,0,0,0,0
2022,96107,1408,0,0,0,0,0,0,0,0,0,0,0,0,0,0,0,0,0,0,0,0,0,0
2022,96109,2764,525,19,0,0,35,1.3,468,16.9,0,0,0,0,20,0.7,0,0,525,19,0,0,0,0
2022,96110,6203,208,3.4,0,0,35,0.6,141,2.3,0,0,0,0,5,0.1,6,0.1,202,3.3,0,0,112,1.8
2022,96111,5157,217,4.2,0,0,17,0.3,187,3.6,0,0,8,0.2,0,0,0,0,217,4.2,0,0,0,0
2022,96112,2392,163,6.8,0,0,42,1.8,79,3.3,0,0,23,1,13,0.5,0,0,163,6.8,0,0,0,0
2022,96113,765,5,0.7,0,0,0,0,0,0,0,0,0,0,0,0,0,0,5,0.7,0,0,0,0
2022,96114,4304,49,1.1,0,0,16,0.4,31,0.7,0,0,0,0,0,0,0,0,49,1.1,0,0,0,0
2022,96119,3138,32,1,0,0,0,0,5,0.2,0,0,12,0.4,7,0.2,0,0,32,1,0,0,0,0
2022,115115,17135,534,3.1,0,0,107,0.6,229,1.3,0,0,143,0.8,55,0.3,17,0.1,517,3,0,0,0,0
2022,115906,2444,194,7.9,0,0,14,0.6,150,6.1,0,0,15,0.6,0,0,0,0,192,7.9,0,0,0,0
2022,115914,2627,156,5.9,0,0,14,0.5,72,2.7,0,0,15,0.6,6,0.2,0,0,156,5.9,0,0,28,1.1
2023,96088,15665,1000,6.4,0,0,0,0,867,5.5,19,0.1,56,0.4,51,0.3,0,0,996,6.4,0,0,192,1.2
2023,96089,9072,175,1.9,0,0,0,0,171,1.9,0,0,0,0,0,0,0,0,173,1.9,0,0,45,0.5
2023,96090,5959,248,4.2,0,0,51,0.9,89,1.5,0,0,10,0.2,42,0.7,0,0,246,4.1,0,0,0,0
2023,96091,19903,191,1,11,0.1,69,0.3,104,0.5,0,0,0,0,5,0,0,0,189,0.9,0,0,14,0.1
2023,96092,5875,54,0.9,0,0,15,0.3,17,0.3,0,0,0,0,0,0,0,0,54,0.9,0,0,26,0.4
2023,96093,7143,43,0.6,0,0,29,0.4,9,0.1,0,0,0,0,0,0,0,0,43,0.6,0,0,10,0.1
2023,96094,9815,182,1.9,0,0,53,0.5,117,1.2,0,0,0,0,0,0,54,0.6,128,1.3,0,0,120,1.2
2023,96095,16821,302,1.8,9,0.1,89,0.5,194,1.2,0,0,0,0,10,0.1,0,0,299,1.8,0,0,182,1.1
2023,96098,2447,64,2.6,0,0,21,0.9,24,1,0,0,9,0.4,7,0.3,0,0,64,2.6,0,0,0,0
2023,96099,1747,13,0.7,0,0,0,0,0,0,0,0,0,0,0,0,0,0,13,0.7,0,0,0,0
2023,96101,706,7,1,0,0,5,0.7,0,0,0,0,0,0,0,0,0,0,7,1,0,0,0,0
2023,96102,2368,8,0.3,0,0,0,0,0,0,0,0,0,0,5,0.2,0,0,8,0.3,0,0,0,0
2023,96103,1197,74,6.2,0,0,14,1.2,48,4,0,0,0,0,5,0.4,0,0,74,6.2,0,0,0,0
2023,96104,2291,218,9.5,0,0,0,0,216,9.4,0,0,0,0,0,0,184,8,31,1.4,0,0,0,0
2023,96106,4216,24,0.6,0,0,6,0.1,14,0.3,0,0,0,0,0,0,0,0,24,0.6,0,0,5,0.1
2023,96107,1375,0,0,0,0,0,0,0,0,0,0,0,0,0,0,0,0,0,0,0,0,0,0
2023,96109,2792,303,10.9,0,0,10,0.4,285,10.2,0,0,0,0,8,0.3,0,0,302,10.8,0,0,53,1.9
2023,96110,6215,288,4.6,7,0.1,42,0.7,201,3.2,0,0,0,0,8,0.1,0,0,282,4.5,0,0,164,2.6
2023,96111,5146,137,2.7,0,0,8,0.2,112,2.2,0,0,8,0.2,8,0.2,0,0,137,2.7,0,0,0,0
2023,96112,2431,128,5.3,0,0,12,0.5,72,3,0,0,30,1.2,10,0.4,0,0,128,5.3,0,0,0,0
2023,96113,746,19,2.5,0,0,5,0.7,5,0.7,0,0,0,0,0,0,0,0,18,2.4,0,0,0,0
2023,96114,4209,24,0.6,0,0,16,0.4,0,0,0,0,0,0,0,0,0,0,24,0.6,0,0,0,0
2023,96119,3249,35,1.1,0,0,0,0,11,0.3,0,0,15,0.5,0,0,0,0,35,1.1,0,0,0,0
2023,115115,16529,426,2.6,0,0,99,0.6,192,1.2,0,0,94,0.6,41,0.2,9,0.1,417,2.5,0,0,0,0
2023,115906,2333,100,4.3,0,0,0,0,81,3.5,0,0,6,0.3,0,0,0,0,100,4.3,0,0,0,0
2023,115914,2473,204,8.2,0,0,8,0.3,71,2.9,5,0.2,89,3.6,0,0,0,0,203,8.2,0,0,40,1.6
